API Provider,Model,ContextWindow,Function Calling,JSON Mode,License,OpenAI Compatible,API ID,Footnotes,Artificial AnalysisIntelligence Index,MMLU-Pro (Reasoning & Knowledge),GPQA Diamond (Scientific Reasoning),Humanity's Last Exam (Reasoning & Knowledge),LiveCodeBench (Coding),SciCode (Coding),HumanEval (Coding),MATH-500 (Quantitative Reasoning),AIME 2024 (Competition Math),Chatbot Arena,BlendedUSD/1M Tokens,Input PriceUSD/1M Tokens,Output PriceUSD/1M Tokens,MedianTokens/s,P5Tokens/s,P25Tokens/s,P75Tokens/s,P95Tokens/s,MedianFirst Chunk (s),First AnswerToken (s),P5First Chunk (s),P25First Chunk (s),P75First Chunk (s),P95First Chunk (s),TotalResponse (s),ReasoningTime (s),FurtherAnalysis
,Grok 4,256k,Yes,Yes,Proprietary,Yes,grok-4-0709,,73,87%,88%,24%,82%,46%,98%,99%,94%,,$6.00,$3.00,$15.00,77.9,55.9,66.2,86.7,111.3,6.85,6.85,5.31,6.19,8.05,16.00,13.26,N/A,ModelProviders
,Gemini 2.5 Pro (AI_Studio),1m,Yes,Yes,Proprietary,Yes,gemini-2.5-pro,,70,86%,84%,21%,80%,43%,,97%,89%,,$3.44,$1.25,$10.00,129.5,118.0,122.2,132.5,136.9,31.40,31.40,23.95,28.73,33.69,37.63,35.26,N/A,ModelProviders
,Gemini 2.5 Pro Vertex,1m,No,No,Proprietary,Yes,gemini-2.5-pro,,70,86%,84%,21%,80%,43%,,97%,89%,,$3.44,$1.25,$10.00,137.9,123.1,130.8,142.6,154.2,26.11,26.11,20.73,24.44,27.18,30.27,29.74,N/A,ModelProviders
,o3,200k,Yes,Yes,Proprietary,Yes,o3-2025-04-16,,70,85%,83%,20%,78%,41%,99%,99%,90%,,$3.50,$2.00,$8.00,214.9,81.3,144.0,233.2,251.5,3.80,3.80,2.84,3.41,4.25,5.42,6.12,N/A,ModelProviders
,o3,200k,Yes,No,Proprietary,Yes,o3-global-standard,,70,85%,83%,20%,78%,41%,99%,99%,90%,,$3.50,$2.00,$8.00,83.3,60.7,76.4,87.8,106.6,7.37,7.37,4.58,5.43,8.43,9.56,13.37,N/A,ModelProviders
,o4-mini (high),200k,Yes,Yes,Proprietary,Yes,o4-mini-2025-04-16,,70,83%,78%,18%,80%,47%,99%,99%,94%,,$1.93,$1.10,$4.40,115.7,89.0,102.3,129.6,140.9,17.96,17.96,8.62,11.41,24.01,32.16,22.28,N/A,ModelProviders
,o4-mini (high),200k,Yes,No,Proprietary,Yes,o4-mini,,70,83%,78%,18%,80%,47%,99%,99%,94%,,$1.93,$1.10,$4.40,208.0,136.1,200.1,217.6,236.6,11.27,11.27,5.73,7.62,15.98,20.56,13.67,N/A,ModelProviders
,Qwen3 235B 2507 (Reasoning),256k,No,No,Open,Yes,parasail-qwen3-235b-a22b-thinking-2507,,69,84%,79%,15%,79%,42%,98%,98%,94%,,$1.24,$0.65,$3.00,73.4,35.2,59.1,75.4,76.3,0.33,27.57,0.25,0.27,0.38,0.49,34.38,27.24,ModelProviders
,Qwen3 235B 2507 (Reasoning),131k,Yes,Yes,Open,Yes,qwen-3-235b-a22b-thinking-2507,,69,84%,79%,15%,79%,42%,98%,98%,94%,,$0.75,$0.60,$1.20,"1,114.3",863.8,"1,075.1","1,153.7","1,322.9",0.22,2.02,0.18,0.19,0.26,0.35,2.47,1.79,ModelProviders
,Qwen3 235B 2507 (Reasoning) (FP8),262k,Yes,Yes,Open,Yes,Qwen/Qwen3-235B-A22B-Thinking-2507,,69,84%,79%,15%,79%,42%,98%,98%,94%,,$0.25,$0.13,$0.60,31.7,23.6,27.8,40.0,52.3,0.24,63.30,0.18,0.20,0.36,1.04,79.07,63.06,ModelProviders
,Qwen3 235B 2507 (Reasoning),256k,No,No,Open,Yes,qwen/qwen3-235b-a22b-thinking-2507,,69,84%,79%,15%,79%,42%,98%,98%,94%,,$0.97,$0.30,$3.00,46.6,26.8,37.1,65.8,84.9,0.80,43.73,0.41,0.70,1.06,1.45,54.46,42.93,ModelProviders
,Qwen3 235B 2507 (Reasoning),262k,No,No,Open,Yes,Qwen/Qwen3-235B-A22B-Thinking-2507,,69,84%,79%,15%,79%,42%,98%,98%,94%,,$1.24,$0.65,$3.00,43.0,17.5,37.2,50.4,59.2,0.22,46.68,0.16,0.20,0.27,293.48,58.30,46.46,ModelProviders
,Qwen3 235B 2507 (Reasoning),131k,Yes,Yes,Open,Yes,qwen3-235b-a22b-thinking-2507,,69,84%,79%,15%,79%,42%,98%,98%,94%,,$2.63,$0.70,$8.40,68.7,53.7,63.7,72.9,76.5,1.30,30.41,1.00,1.17,1.45,1.57,37.68,29.10,ModelProviders
,DeepSeek R1 0528,164k,Yes,No,Open,Yes,deepseek-r1-0528,,68,85%,81%,15%,77%,40%,97%,98%,89%,,$0.92,$0.50,$2.18,49.8,33.4,43.5,58.8,60.8,0.26,40.45,0.19,0.24,0.29,0.64,50.49,40.19,ModelProviders
,DeepSeek R1 0528,64k,Yes,Yes,Open,Yes,deepseek-reasoner,,68,85%,81%,15%,77%,40%,97%,98%,89%,,$0.96,$0.55,$2.19,21.5,18.8,20.5,23.4,27.4,3.40,96.33,2.60,3.15,3.60,4.46,119.56,92.92,ModelProviders
,DeepSeek R1 0528,164k,Yes,No,Open,Yes,parasail-deepseek-r1-0528,,68,85%,81%,15%,77%,40%,97%,98%,89%,,$1.59,$0.79,$4.00,87.9,70.6,82.0,112.2,134.3,0.47,23.22,0.35,0.40,0.55,0.82,28.90,22.75,ModelProviders
,DeepSeek R1 0528,164k,No,No,Open,Yes,deepseek-ai/DeepSeek-R1-0528,,68,85%,81%,15%,77%,40%,97%,98%,89%,,$3.00,$3.00,$3.00,129.9,104.9,123.9,145.5,168.1,1.06,16.45,0.82,1.01,1.14,1.93,20.30,15.39,ModelProviders
,DeepSeek R1 0528,164k,Yes,Yes,Open,Yes,deepseek-ai/DeepSeek-R1-0528,,68,85%,81%,15%,77%,40%,97%,98%,89%,,$1.20,$0.80,$2.40,23.9,18.6,23.3,27.1,29.2,0.52,84.17,0.49,0.50,0.54,0.64,105.08,83.65,ModelProviders
,DeepSeek R1 0528 (Vertex),164k,Yes,Yes,Open,Yes,deepseek-ai/deepseek-r1-0528-maas,,68,85%,81%,15%,77%,40%,97%,98%,89%,,$2.36,$1.35,$5.40,176.7,151.2,162.0,199.0,210.2,0.50,11.82,0.47,0.49,0.52,0.54,14.65,11.32,ModelProviders
,DeepSeek R1 0528,128k,No,No,Open,Yes,DeepSeek-R1-0528,,68,85%,81%,15%,77%,40%,97%,98%,89%,,$2.36,$1.35,$5.40,117.0,106.9,113.9,120.7,123.7,0.53,17.63,0.46,0.48,0.70,0.86,21.90,17.10,ModelProviders
,DeepSeek R1 0528 Fast,164k,Yes,Yes,Open,Yes,accounts/fireworks/models/deepseek-r1-0528,,68,85%,81%,15%,77%,40%,97%,98%,89%,,$4.25,$3.00,$8.00,269.2,256.3,264.2,277.3,289.3,0.47,7.90,0.41,0.44,0.50,0.62,9.76,7.43,ModelProviders
,DeepSeek R1 0528,164k,Yes,No,Open,Yes,deepseek-ai/DeepSeek-R1-0528,,68,85%,81%,15%,77%,40%,97%,98%,89%,,$0.91,$0.50,$2.15,56.3,15.1,29.4,84.3,108.2,0.32,35.86,0.25,0.30,0.63,4.38,44.74,35.54,ModelProviders
,DeepSeek R1 0528,128k,Yes,No,Open,Yes,deepseek/deepseek-r1-0528,,68,85%,81%,15%,77%,40%,97%,98%,89%,,$1.15,$0.70,$2.50,50.9,20.6,32.0,60.0,155.7,0.43,39.76,0.37,0.41,0.49,0.61,49.59,39.33,ModelProviders
,DeepSeek R1 0528,131k,No,Yes,Open,Yes,deepseek-ai/DeepSeek-R1-0528,,68,85%,81%,15%,77%,40%,97%,98%,89%,,$1.18,$0.80,$2.30,110.5,78.7,92.9,126.4,179.1,0.49,18.59,0.38,0.44,0.58,1.49,23.11,18.09,ModelProviders
,DeepSeek R1 0528,33k,No,No,Open,Yes,DeepSeek-R1-0528,,68,85%,81%,15%,77%,40%,97%,98%,89%,,$5.50,$5.00,$7.00,132.2,125.5,130.4,134.3,136.3,1.53,16.66,1.38,1.49,1.62,8.10,20.44,15.13,ModelProviders
,DeepSeek R1 0528,128k,Yes,No,Open,Yes,deepseek-ai/DeepSeek-R1,,68,85%,81%,15%,77%,40%,97%,98%,89%,,$4.00,$3.00,$7.00,367.2,104.3,279.0,391.5,405.2,0.57,6.01,0.44,0.50,0.66,0.75,7.37,5.45,ModelProviders
,DeepSeek R1 0528 (Throughput),128k,Yes,No,Open,Yes,deepseek-ai/DeepSeek-R1-0528-tput,,68,85%,81%,15%,77%,40%,97%,98%,89%,,$0.96,$0.55,$2.19,54.4,45.8,50.4,68.8,83.9,0.99,37.73,0.53,0.59,1.12,33.46,46.92,36.74,ModelProviders
,Grok 3 mini Reasoning (high),131k,Yes,Yes,Proprietary,Yes,grok-3-mini-beta,,67,83%,79%,11%,70%,41%,98%,99%,93%,,$0.35,$0.30,$0.50,202.7,196.7,198.7,204.7,210.4,0.61,10.48,0.45,0.54,0.65,0.80,12.94,9.87,ModelProviders
,Grok 3 mini Reasoning (high) Fast,131k,Yes,Yes,Proprietary,Yes,grok-3-mini-fast-beta,,67,83%,79%,11%,70%,41%,98%,99%,93%,,$1.45,$0.60,$4.00,200.7,196.3,198.3,202.6,211.5,0.62,10.58,0.52,0.58,0.67,0.80,13.08,9.96,ModelProviders
,GLM-4.5,128k,Yes,Yes,Open,Yes,z-ai/GLM-4.5,,66,84%,78%,12%,74%,35%,98%,98%,87%,,$0.88,$0.50,$2.00,59.3,30.6,51.3,67.4,76.5,1.09,34.81,0.85,0.93,1.42,1.74,43.24,33.72,ModelProviders
,GLM-4.5 (FP8),131k,No,No,Open,Yes,parasail-glm-45,,66,84%,78%,12%,74%,35%,98%,98%,87%,,$0.97,$0.59,$2.10,112.3,44.7,106.2,115.2,118.9,0.46,18.28,0.34,0.40,0.50,4.69,22.73,17.82,ModelProviders
,GLM-4.5,131k,No,Yes,Open,Yes,accounts/fireworks/models/glm-4p5,,66,84%,78%,12%,74%,35%,98%,98%,87%,,$0.96,$0.55,$2.19,109.6,107.1,108.5,110.7,112.5,0.45,18.70,0.40,0.43,0.50,0.56,23.26,18.25,ModelProviders
,GLM-4.5,128k,No,No,Open,Yes,zai-org/GLM-4.5,,66,84%,78%,12%,74%,35%,98%,98%,87%,,$0.91,$0.55,$2.00,49.8,10.1,38.3,65.6,536.6,0.36,40.56,0.27,0.32,0.66,737.57,50.60,40.19,ModelProviders
,GLM-4.5,131k,No,No,Open,Yes,zai-org/glm-4.5,,66,84%,78%,12%,74%,35%,98%,98%,87%,,$1.00,$0.60,$2.20,53.9,22.5,32.6,62.2,71.0,0.69,37.79,0.52,0.64,0.74,0.80,47.06,37.10,ModelProviders
,o3-mini (high),200k,Yes,Yes,Proprietary,Yes,o3-mini,,66,80%,77%,12%,73%,40%,,99%,86%,,$1.93,$1.10,$4.40,187.1,75.9,155.2,210.8,247.6,16.03,16.03,7.96,12.07,20.99,27.73,18.70,N/A,ModelProviders
,o3-mini (high),200k,Yes,Yes,Proprietary,Yes,o3-mini,,66,80%,77%,12%,73%,40%,,99%,86%,,$1.93,$1.10,$4.40,157.8,93.7,128.6,209.2,221.1,19.77,19.77,9.20,16.60,25.39,34.87,22.94,N/A,ModelProviders
,Gemini 2.5 Flash (Reasoning) (AI_Studio),1m,Yes,No,Proprietary,Yes,gemini-2.5-flash,,65,83%,79%,11%,70%,39%,96%,98%,82%,,$0.85,$0.30,$2.50,270.6,250.1,263.5,279.4,291.2,8.60,8.60,1.93,4.39,10.06,13.46,10.45,N/A,ModelProviders
,Gemini 2.5 Flash (Reasoning) (Vertex),1m,Yes,Yes,Proprietary,Yes,google/gemini-2.5-flash,,65,83%,79%,11%,70%,39%,96%,98%,82%,,$0.85,$0.30,$2.50,277.8,219.6,254.2,318.9,345.8,12.58,12.58,7.20,9.45,13.58,16.48,14.38,N/A,ModelProviders
,Claude 4 Opus Thinking,200k,Yes,No,Proprietary,No,us.anthropic.claude-opus-4-20250514-v1:0,,64,87%,80%,12%,64%,40%,,98%,76%,,$30.00,$15.00,$75.00,26.1,24.4,25.7,26.6,28.1,2.67,79.28,2.46,2.58,2.75,3.53,98.44,76.62,ModelProviders
,Claude 4 Opus Thinking Vertex,200k,Yes,Yes,Proprietary,Yes,claude-opus-4,,64,87%,80%,12%,64%,40%,,98%,76%,,$30.00,$15.00,$75.00,63.2,53.0,56.6,72.1,76.2,1.62,33.29,1.39,1.51,1.95,2.66,41.21,31.67,ModelProviders
,Claude 4 Opus Thinking,200k,Yes,Yes,Proprietary,Yes,claude-opus-4-20250514,,64,87%,80%,12%,64%,40%,,98%,76%,,$30.00,$15.00,$75.00,67.9,45.5,64.6,71.7,75.0,1.89,31.37,1.53,1.71,2.15,5.52,38.73,29.47,ModelProviders
,EXAONE 4.0 32B (Reasoning),131k,Yes,Yes,Open,Yes,LGAI-EXAONE/EXAONE-4.0-32B,,64,82%,74%,11%,75%,34%,97%,98%,84%,,$0.70,$0.60,$1.00,111.3,95.6,106.8,120.7,131.0,0.23,18.21,0.21,0.23,0.28,0.35,22.70,17.98,ModelProviders
,Claude 4 Sonnet Thinking,200k,Yes,No,Proprietary,No,us.anthropic.claude-sonnet-4-20250514-v1:0,,64,84%,78%,10%,66%,40%,,99%,77%,,$6.00,$3.00,$15.00,81.0,67.9,77.4,90.7,103.8,0.89,25.60,0.81,0.83,1.00,1.31,31.77,24.70,ModelProviders
,Claude 4 Sonnet Thinking Vertex,200k,Yes,Yes,Proprietary,Yes,claude-sonnet-4,,64,84%,78%,10%,66%,40%,,99%,77%,,$6.00,$3.00,$15.00,61.2,48.0,53.8,74.8,84.0,1.27,33.94,1.05,1.11,1.42,1.84,42.10,32.67,ModelProviders
,Claude 4 Sonnet Thinking,200k,Yes,Yes,Proprietary,Yes,claude-sonnet-4-20250514,,64,84%,78%,10%,66%,40%,,99%,77%,,$6.00,$3.00,$15.00,64.6,53.0,59.0,74.0,91.4,0.95,31.92,0.80,0.89,1.02,1.27,39.66,30.97,ModelProviders
,Qwen3 30B 2507 (Reasoning),33k,Yes,Yes,Open,Yes,qwen3-30b-a3b-thinking-2507,,63,81%,71%,10%,71%,33%,,98%,91%,,$0.75,$0.20,$2.40,112.7,12.5,110.9,113.2,114.8,1.23,18.98,0.97,1.07,1.51,1.91,23.41,17.75,ModelProviders
,MiniMax M1 80k,1m,Yes,No,Open,Yes,MiniMax-M1,,63,82%,70%,8%,71%,37%,,98%,85%,,$0.82,$0.40,$2.10,27.4,25.9,26.5,33.6,38.6,1.19,74.21,1.00,1.08,1.34,1.47,92.47,73.02,ModelProviders
,o3-mini,200k,Yes,Yes,Proprietary,Yes,o3-mini,,63,79%,75%,9%,72%,40%,97%,97%,77%,,$1.93,$1.10,$4.40,173.7,92.1,141.0,203.5,262.4,6.24,6.24,2.90,3.57,8.58,12.07,9.12,N/A,ModelProviders
,o3-mini,200k,Yes,Yes,Proprietary,Yes,o3-mini,,63,79%,75%,9%,72%,40%,97%,97%,77%,,$1.93,$1.10,$4.40,160.6,77.8,115.2,192.4,215.4,5.10,5.10,3.10,4.06,7.27,9.18,8.21,N/A,ModelProviders
,MiniMax M1 40k,1m,Yes,No,Open,Yes,MiniMax-M1,,61,81%,68%,8%,66%,38%,,97%,81%,,$0.82,$0.40,$2.10,25.1,24.1,24.6,27.5,29.4,0.96,80.53,0.88,0.91,1.71,2.31,100.42,79.57,ModelProviders
,Llama Nemotron Ultra Reasoning Base,131k,Yes,Yes,Open,Yes,nvidia/Llama-3_1-Nemotron-Ultra-253B-v1,,61,83%,73%,8%,64%,35%,,95%,75%,,$0.90,$0.60,$1.80,42.8,38.7,42.0,42.9,43.0,0.48,47.20,0.45,0.45,0.50,0.61,58.89,46.73,ModelProviders
,Qwen3 235B 2507 (Non-reasoning),262k,No,No,Open,Yes,parasail-qwen3-235b-a22b-instruct-2507,,60,83%,75%,11%,52%,36%,96%,98%,72%,,$0.33,$0.15,$0.85,50.1,33.9,38.6,65.9,74.2,0.36,0.36,0.25,0.32,0.39,0.46,10.34,N/A,ModelProviders
,Qwen3 235B 2507 (Non-reasoning),131k,Yes,Yes,Open,Yes,qwen-3-235b-a22b-instruct-2507,,60,83%,75%,11%,52%,36%,96%,98%,72%,,$0.75,$0.60,$1.20,"1,796.4",820.2,"1,569.4","1,999.5","2,362.2",0.18,0.18,0.13,0.14,0.28,0.49,0.46,N/A,ModelProviders
,Qwen3 235B 2507 (Non-reasoning),128k,No,Yes,Open,Yes,accounts/fireworks/models/qwen3-235b-a22b-instruct-2507,,60,83%,75%,11%,52%,36%,96%,98%,72%,,$0.39,$0.22,$0.88,149.4,131.9,141.3,154.6,157.7,0.55,0.55,0.49,0.52,0.58,0.65,3.90,N/A,ModelProviders
,Qwen3 235B 2507 (Non-reasoning),262k,Yes,Yes,Open,Yes,Qwen/Qwen3-235B-A22B-Instruct-2507,,60,83%,75%,11%,52%,36%,96%,98%,72%,,$0.25,$0.13,$0.60,40.5,15.8,30.2,44.7,51.7,0.24,0.24,0.15,0.20,0.58,2.57,12.59,N/A,ModelProviders
,Qwen3 235B 2507 (Non-reasoning),262k,No,No,Open,Yes,qwen/qwen3-235b-a22b-instruct-2507,,60,83%,75%,11%,52%,36%,96%,98%,72%,,$0.31,$0.15,$0.80,80.7,29.2,41.6,89.4,89.9,0.74,0.74,0.37,0.55,0.83,0.94,6.93,N/A,ModelProviders
,Qwen3 235B 2507 (Non-reasoning) (FP8),256k,No,No,Open,Yes,Qwen/Qwen3-235B-A22B-Instruct-2507-tput,,60,83%,75%,11%,52%,36%,96%,98%,72%,,$0.30,$0.20,$0.60,48.6,33.0,40.7,54.3,60.7,0.21,0.21,0.15,0.18,0.26,21.33,10.49,N/A,ModelProviders
,Qwen3 235B 2507 (Non-reasoning),131k,Yes,Yes,Open,Yes,qwen3-235b-a22b-instruct-2507,,60,83%,75%,11%,52%,36%,96%,98%,72%,,$1.23,$0.70,$2.80,53.2,42.3,49.9,56.7,60.4,1.30,1.30,0.89,1.08,1.60,2.03,10.70,N/A,ModelProviders
,GLM-4.5-Air,128k,Yes,Yes,Open,Yes,z-ai/GLM-4.5-Air,,60,82%,73%,7%,68%,31%,93%,97%,67%,,$0.32,$0.14,$0.86,90.9,64.0,77.4,101.3,113.9,0.79,22.80,0.69,0.72,1.16,2.72,28.30,22.01,ModelProviders
,GLM-4.5-Air,128k,No,No,Open,Yes,zai-org/GLM-4.5-Air,,60,82%,73%,7%,68%,31%,93%,97%,67%,,$0.42,$0.20,$1.10,191.2,32.4,120.1,200.4,"4,841.0",0.26,10.72,0.17,0.20,174.85,"2,836.48",13.34,10.46,ModelProviders
,GLM-4.5-Air (FP8),131k,No,No,Open,Yes,zai-org/GLM-4.5-Air-FP8,,60,82%,73%,7%,68%,31%,93%,97%,67%,,$0.42,$0.20,$1.10,259.8,181.6,212.3,266.2,280.6,0.33,8.03,0.21,0.26,0.46,1.07,9.96,7.70,ModelProviders
,Solar Pro 2 (Reasoning),66k,Yes,No,Proprietary,Yes,solar-pro2-250710,,58,81%,69%,7%,62%,30%,97%,97%,69%,,$0.50,$0.50,$0.50,121.7,113.9,116.6,123.8,126.5,1.24,17.68,1.09,1.16,1.36,1.92,21.79,16.44,ModelProviders
,QwQ-32B,131k,No,No,Open,Yes,Qwen/QwQ-32B,,58,76%,59%,8%,63%,36%,98%,96%,78%,,$0.20,$0.20,$0.20,131.2,20.8,56.4,140.6,147.6,1.08,20.07,0.84,0.94,1.80,6.78,23.88,18.99,ModelProviders
,QwQ-32B Fast,131k,Yes,Yes,Open,Yes,Qwen/QwQ-32B-fast,,58,76%,59%,8%,63%,36%,98%,96%,78%,,$0.75,$0.50,$1.50,87.2,77.3,85.6,87.5,88.0,0.45,29.00,0.43,0.44,0.48,0.88,34.73,28.55,ModelProviders
,QwQ-32B Base,131k,Yes,Yes,Open,Yes,Qwen/QwQ-32B,,58,76%,59%,8%,63%,36%,98%,96%,78%,,$0.23,$0.15,$0.45,53.2,35.0,48.6,56.8,61.8,0.47,47.32,0.44,0.45,0.49,0.81,56.73,46.85,ModelProviders
,QwQ-32B,131k,No,Yes,Open,Yes,Qwen/QwQ-32B,,58,76%,59%,8%,63%,36%,98%,96%,78%,,$0.09,$0.07,$0.15,35.7,30.7,32.9,51.3,57.2,0.47,70.25,0.15,0.20,0.55,1.39,84.26,69.78,ModelProviders
,QwQ-32B,41k,Yes,Yes,Open,Yes,Qwen/QwQ-32B,,58,76%,59%,8%,63%,36%,98%,96%,78%,,$0.75,$0.50,$1.50,53.7,53.5,53.6,53.9,54.2,0.30,46.64,0.23,0.26,0.34,0.51,55.95,46.35,ModelProviders
,QwQ-32B,131k,Yes,No,Open,Yes,Qwen/QwQ-32B,,58,76%,59%,8%,63%,36%,98%,96%,78%,,$1.20,$1.20,$1.20,98.0,91.8,95.9,98.7,99.2,0.21,25.64,0.16,0.17,0.27,0.44,30.74,25.43,ModelProviders
,Claude 4 Opus,200k,Yes,No,Proprietary,No,us.anthropic.claude-opus-4-20250514-v1:0,,58,86%,70%,6%,54%,41%,97%,94%,56%,,$30.00,$15.00,$75.00,27.2,24.6,26.1,27.9,28.5,2.68,2.68,2.46,2.59,2.79,2.88,21.09,N/A,ModelProviders
,Claude 4 Opus Vertex,200k,Yes,Yes,Proprietary,Yes,claude-opus-4,,58,86%,70%,6%,54%,41%,97%,94%,56%,,$30.00,$15.00,$75.00,62.1,51.2,56.4,71.0,74.7,1.58,1.58,1.43,1.49,1.70,2.40,9.63,N/A,ModelProviders
,Claude 4 Opus,200k,Yes,Yes,Proprietary,Yes,claude-opus-4-20250514,,58,86%,70%,6%,54%,41%,97%,94%,56%,,$30.00,$15.00,$75.00,66.0,43.1,55.7,72.1,76.5,1.87,1.87,1.55,1.61,2.20,5.99,9.44,N/A,ModelProviders
,Kimi K2,33k,Yes,Yes,Open,Yes,parasail-kimi-k2-instruct,,58,82%,77%,7%,56%,18%,93%,97%,69%,,$2.13,$1.50,$4.00,22.5,8.4,17.1,31.5,47.3,0.55,0.55,0.46,0.50,0.64,0.92,22.73,N/A,ModelProviders
,Kimi K2,128k,Yes,Yes,Open,Yes,kimi-k2-0711-preview,,58,82%,77%,7%,56%,18%,93%,97%,69%,,$1.07,$0.60,$2.50,11.7,8.0,10.1,12.7,15.0,2.69,2.69,2.23,2.43,2.83,4.03,45.49,N/A,ModelProviders
,Kimi K2,131k,Yes,Yes,Open,Yes,accounts/fireworks/models/kimi-k2-instruct,,58,82%,77%,7%,56%,18%,93%,97%,69%,,$1.07,$0.60,$2.50,170.8,154.0,165.9,179.7,187.3,0.50,0.50,0.46,0.48,0.54,0.64,3.43,N/A,ModelProviders
,Kimi K2,131k,Yes,Yes,Open,Yes,moonshotai/Kimi-K2-Instruct,,58,82%,77%,7%,56%,18%,93%,97%,69%,,$0.88,$0.50,$2.00,52.1,37.3,44.1,56.8,61.8,0.27,0.27,0.21,0.26,0.29,0.33,9.87,N/A,ModelProviders
,Kimi K2,131k,Yes,Yes,Open,Yes,moonshotai/kimi-k2-instruct,,58,82%,77%,7%,56%,18%,93%,97%,69%,,$1.00,$0.57,$2.30,50.8,16.7,48.7,52.1,54.7,0.65,0.65,0.52,0.56,0.94,1.71,10.50,N/A,ModelProviders
,Kimi K2,131k,Yes,Yes,Open,Yes,moonshotai/Kimi-K2-Instruct,,58,82%,77%,7%,56%,18%,93%,97%,69%,,$1.50,$1.00,$3.00,33.6,17.5,32.8,34.1,34.5,0.53,0.53,0.46,0.49,0.57,20.60,15.42,N/A,ModelProviders
,Kimi K2,131k,Yes,Yes,Open,Yes,moonshotai/kimi-k2-instruct,,58,82%,77%,7%,56%,18%,93%,97%,69%,,$1.50,$1.00,$3.00,519.8,465.0,494.6,534.2,552.0,0.15,0.15,0.14,0.14,0.17,0.22,1.12,N/A,ModelProviders
,Kimi K2,131k,Yes,Yes,Open,Yes,moonshotai/Kimi-K2-Instruct,,58,82%,77%,7%,56%,18%,93%,97%,69%,,$1.50,$1.00,$3.00,36.5,3.3,17.0,43.7,46.9,0.51,0.51,0.43,0.44,0.78,0.89,14.21,N/A,ModelProviders
,Kimi K2,131k,Yes,Yes,Open,Yes,moonshotai/Kimi-K2-Instruct,,58,82%,77%,7%,56%,18%,93%,97%,69%,,$1.07,$0.60,$2.50,90.0,80.4,83.6,95.6,97.9,0.15,0.15,0.13,0.14,0.19,0.62,5.71,N/A,ModelProviders
,Qwen3 30B 2507 (Non-reasoning),33k,Yes,Yes,Open,Yes,qwen3-30b-a3b-instruct-2507,,57,78%,66%,7%,52%,30%,94%,98%,73%,,$0.35,$0.20,$0.80,107.7,105.2,106.5,108.6,109.5,1.13,1.13,0.95,0.99,1.49,1.83,5.77,N/A,ModelProviders
,Magistral Medium,41k,Yes,Yes,Proprietary,No,magistral-medium-2506,,56,75%,68%,10%,53%,30%,,92%,70%,,$2.75,$2.00,$5.00,118.6,65.4,89.1,128.2,138.2,0.30,17.16,0.27,0.30,0.35,0.58,21.37,16.86,ModelProviders
,Gemini 2.5 Flash-Lite (Reasoning) (AI Studio),1m,Yes,No,Proprietary,Yes,gemini-2.5-flash-lite-preview-06-17,,55,76%,63%,6%,59%,19%,97%,97%,70%,,$0.17,$0.10,$0.40,526.8,385.2,473.1,594.6,716.1,4.67,4.67,1.46,3.02,6.65,9.23,5.62,N/A,ModelProviders
,Magistral Small,40k,Yes,Yes,Open,No,magistral-small-2506,,55,75%,64%,7%,51%,24%,96%,96%,71%,,$0.75,$0.50,$1.50,177.0,133.3,164.0,185.3,214.7,0.27,11.57,0.25,0.27,0.28,0.54,14.40,11.30,ModelProviders
,Qwen3 Coder 480B (FP8),262k,No,No,Open,Yes,parasail-qwen3-coder-480b-a35b-instruct,,54,79%,62%,4%,59%,36%,97%,94%,48%,,$1.63,$1.50,$2.00,51.5,15.5,42.5,82.5,95.3,0.40,0.40,0.29,0.36,1.70,11.75,10.12,N/A,ModelProviders
,Qwen3 Coder 480B,131k,Yes,Yes,Open,Yes,qwen-3-coder-480b,,54,79%,62%,4%,59%,36%,97%,94%,48%,,$2.00,$2.00,$2.00,"1,712.7","1,125.9","1,471.5","1,865.7","1,971.8",0.23,0.23,0.18,0.20,0.37,1.70,0.53,N/A,ModelProviders
,Qwen3 Coder 480B (FP8),262k,No,No,Open,Yes,Qwen/Qwen3-Coder-480B-A35B-Instruct,,54,79%,62%,4%,59%,36%,97%,94%,48%,,$2.00,$2.00,$2.00,18.9,2.7,12.3,35.6,89.3,1.92,1.92,1.11,1.39,2.74,6.11,28.39,N/A,ModelProviders
,Qwen3 Coder 480B,262k,No,Yes,Open,Yes,accounts/fireworks/models/qwen3-coder-480b-a35b-instruct,,54,79%,62%,4%,59%,36%,97%,94%,48%,,$0.79,$0.45,$1.80,148.8,136.0,142.8,151.4,164.8,0.48,0.48,0.37,0.41,0.55,0.67,3.84,N/A,ModelProviders
,Qwen3 Coder 480B (FP8),262k,Yes,No,Open,Yes,Qwen/Qwen3-Coder-480B-A35B-Instruct,,54,79%,62%,4%,59%,36%,97%,94%,48%,,$0.70,$0.40,$1.60,50.3,0.9,22.8,53.1,74.0,0.35,0.35,0.14,0.25,13.47,179.61,10.30,N/A,ModelProviders
,"Qwen3 Coder 480B (Turbo, FP4)",262k,Yes,No,Open,Yes,Qwen/Qwen3-Coder-480B-A35B-Instruct-Turbo,,54,79%,62%,4%,59%,36%,97%,94%,48%,,$0.53,$0.30,$1.20,55.1,23.5,47.2,62.6,70.9,0.22,0.22,0.16,0.17,0.28,4.31,9.29,N/A,ModelProviders
,Qwen3 Coder 480B,262k,Yes,Yes,Open,Yes,qwen/qwen3-coder-480b-a35b-instruct,,54,79%,62%,4%,59%,36%,97%,94%,48%,,$1.96,$0.95,$5.00,54.5,18.3,47.7,61.3,73.4,0.56,0.56,0.30,0.39,0.78,2.38,9.73,N/A,ModelProviders
,Qwen3 Coder 480B (FP8),33k,No,No,Open,Yes,Qwen/Qwen3-Coder-480B-A35B-Instruct-FP8,,54,79%,62%,4%,59%,36%,97%,94%,48%,,$1.25,$1.00,$2.00,81.6,54.9,60.1,91.6,92.4,0.36,0.36,0.29,0.31,0.47,0.58,6.49,N/A,ModelProviders
,Qwen3 Coder 480B (FP8),262k,No,No,Open,Yes,Qwen/Qwen3-Coder-480B-A35B-Instruct-FP8,,54,79%,62%,4%,59%,36%,97%,94%,48%,,$2.00,$2.00,$2.00,54.3,8.9,33.6,76.7,78.2,0.41,0.41,0.33,0.36,1.10,9.99,9.62,N/A,ModelProviders
,Qwen3 Coder 480B,262k,Yes,Yes,Open,Yes,qwen3-coder-480b-a35b-instruct,,54,79%,62%,4%,59%,36%,97%,94%,48%,,$3.00,$1.50,$7.50,58.3,38.8,51.4,64.3,78.3,1.51,1.51,1.36,1.39,1.79,2.11,10.09,N/A,ModelProviders
,Gemini 2.5 Flash (AI_Studio),1m,Yes,Yes,Proprietary,Yes,gemini-2.5-flash,,53,81%,68%,5%,50%,29%,95%,93%,50%,,$0.85,$0.30,$2.50,246.3,215.5,236.7,259.1,268.5,0.33,0.33,0.22,0.27,0.36,0.46,2.36,N/A,ModelProviders
,Gemini 2.5 Flash (Vertex),1m,Yes,Yes,Proprietary,Yes,google/gemini-2.5-flash,,53,81%,68%,5%,50%,29%,95%,93%,50%,,$0.85,$0.30,$2.50,229.5,198.1,216.0,285.3,321.3,0.32,0.32,0.28,0.30,0.36,0.67,2.50,N/A,ModelProviders
,Claude 4 Sonnet,200k,Yes,No,Proprietary,No,us.anthropic.claude-sonnet-4-20250514-v1:0,,53,84%,68%,4%,45%,37%,97%,93%,41%,,$6.00,$3.00,$15.00,109.6,97.2,100.7,114.2,126.8,0.94,0.94,0.82,0.86,1.00,1.08,5.51,N/A,ModelProviders
,Claude 4 Sonnet Vertex,200k,Yes,Yes,Proprietary,Yes,claude-sonnet-4,,53,84%,68%,4%,45%,37%,97%,93%,41%,,$6.00,$3.00,$15.00,80.4,71.8,77.1,85.4,88.8,1.29,1.29,1.05,1.18,1.47,1.59,7.50,N/A,ModelProviders
,Claude 4 Sonnet,200k,Yes,Yes,Proprietary,Yes,claude-sonnet-4-20250514,,53,84%,68%,4%,45%,37%,97%,93%,41%,,$6.00,$3.00,$15.00,94.1,79.1,85.1,101.7,114.6,1.00,1.00,0.85,0.88,1.12,1.42,6.31,N/A,ModelProviders
,GPT-4.1 mini,1m,Yes,Yes,Proprietary,Yes,gpt-4.1-mini-2025-04-14,,53,78%,66%,5%,48%,40%,95%,93%,43%,,$0.70,$0.40,$1.60,84.8,43.4,60.8,104.4,149.2,0.41,0.41,0.32,0.38,0.53,2.10,6.31,N/A,ModelProviders
,GPT-4.1 mini,1m,Yes,Yes,Proprietary,Yes,gpt-4.1-mini,,53,78%,66%,5%,48%,40%,95%,93%,43%,,$0.70,$0.40,$1.60,146.1,81.8,132.3,157.3,193.1,0.59,0.59,0.49,0.51,0.65,0.78,4.01,N/A,ModelProviders
,GPT-4.1,1m,Yes,Yes,Proprietary,Yes,gpt-4.1-2025-04-14,,53,81%,67%,5%,46%,38%,96%,91%,44%,,$3.50,$2.00,$8.00,153.3,60.9,125.4,171.9,213.8,0.47,0.47,0.34,0.42,0.54,1.37,3.73,N/A,ModelProviders
,GPT-4.1,1m,Yes,Yes,Proprietary,Yes,gpt-4.1,,53,81%,67%,5%,46%,38%,96%,91%,44%,,$3.50,$2.00,$8.00,179.1,127.8,156.4,212.9,241.7,0.79,0.79,0.59,0.68,0.84,1.09,3.58,N/A,ModelProviders
,DeepSeek R1 0528 Qwen3 8B,131k,Yes,No,Open,Yes,parasail-deepseek-r1-0528-qwen3-8b,,52,74%,61%,6%,51%,20%,91%,93%,65%,,$0.06,$0.05,$0.10,119.7,88.6,113.1,130.7,134.6,0.35,17.05,0.26,0.31,0.38,0.54,21.22,16.70,ModelProviders
,DeepSeek R1 0528 Qwen3 8B,128k,No,No,Open,Yes,deepseek/deepseek-r1-0528-qwen3-8b,,52,74%,61%,6%,51%,20%,91%,93%,65%,,$0.07,$0.06,$0.09,95.5,95.0,95.2,95.6,96.0,0.66,21.60,0.62,0.64,0.74,0.86,26.84,20.95,ModelProviders
,EXAONE 4.0 32B,131k,Yes,Yes,Open,Yes,LGAI-EXAONE/EXAONE-4.0-32B,,51,77%,63%,5%,47%,25%,91%,94%,47%,,$0.70,$0.60,$1.00,119.4,108.1,112.7,125.7,130.1,0.25,0.25,0.21,0.23,0.28,0.32,4.44,N/A,ModelProviders
,Grok 3,131k,Yes,Yes,Proprietary,Yes,grok-3-beta,,51,80%,69%,5%,43%,37%,91%,87%,33%,,$6.00,$3.00,$15.00,70.9,26.6,40.9,94.7,113.7,0.58,0.58,0.48,0.53,0.68,0.94,7.64,N/A,ModelProviders
,Grok 3 Fast,131k,Yes,Yes,Proprietary,Yes,grok-3-fast-beta,,51,80%,69%,5%,43%,37%,91%,87%,33%,,$10.00,$5.00,$25.00,82.8,58.2,69.8,90.1,99.0,0.64,0.64,0.45,0.56,0.70,0.98,6.67,N/A,ModelProviders
,Llama 4 Maverick (FP8),1m,Yes,No,Open,Yes,llama-4-maverick-17b-128e-instruct-fp8,,51,81%,67%,5%,40%,33%,88%,89%,39%,,$0.28,$0.18,$0.60,145.6,122.1,133.4,148.9,153.5,0.19,0.19,0.14,0.14,0.23,0.34,3.63,N/A,ModelProviders
,Llama 4 Maverick (FP8),1m,Yes,No,Open,Yes,parasail-llama-4-maverick-instruct-fp8,,51,81%,67%,5%,40%,33%,88%,89%,39%,,$0.35,$0.19,$0.85,148.7,118.8,133.6,163.1,173.1,0.30,0.30,0.22,0.27,0.34,0.46,3.67,N/A,ModelProviders
,Llama 4 Maverick,32k,Yes,Yes,Open,Yes,llama-4-maverick-17b-128e-instruct,,51,81%,67%,5%,40%,33%,88%,89%,39%,,$0.30,$0.20,$0.60,"2,021.2","1,423.5","1,870.2","2,162.3","2,475.6",0.18,0.18,0.17,0.17,0.20,0.29,0.43,N/A,ModelProviders
,Llama 4 Maverick,128k,Yes,No,Open,No,us.meta.llama4-maverick-17b-instruct-v1:0,,51,81%,67%,5%,40%,33%,88%,89%,39%,,$0.42,$0.24,$0.97,350.3,302.7,326.2,362.5,384.8,0.41,0.41,0.29,0.33,0.45,0.58,1.83,N/A,ModelProviders
,Llama 4 Maverick Vertex,524k,Yes,Yes,Open,Yes,meta/llama-4-maverick-17b-128e-instruct-maas,,51,81%,67%,5%,40%,33%,88%,89%,39%,,$0.55,$0.35,$1.15,115.2,106.3,112.5,118.2,119.6,0.27,0.27,0.23,0.25,0.29,0.74,4.61,N/A,ModelProviders
,Llama 4 Maverick (FP8),128k,No,No,Open,Yes,llama4-maverick-fp8,,51,81%,67%,5%,40%,33%,88%,89%,39%,,$0.61,$0.35,$1.41,165.8,142.0,150.0,171.9,176.0,0.30,0.30,0.25,0.29,0.31,0.34,3.32,N/A,ModelProviders
,Llama 4 Maverick (Base),1m,Yes,Yes,Open,Yes,accounts/fireworks/models/llama4-maverick-instruct-basic,,51,81%,67%,5%,40%,33%,88%,89%,39%,,$0.39,$0.22,$0.88,160.5,141.5,157.2,162.0,168.0,0.42,0.42,0.39,0.40,0.51,0.65,3.54,N/A,ModelProviders
,Llama 4 Maverick (FP8),131k,No,No,Open,Yes,meta-llama/Llama-4-Maverick-17B-128E-Instruct-FP8,,51,81%,67%,5%,40%,33%,88%,89%,39%,,$0.26,$0.15,$0.60,79.0,43.9,66.3,85.9,99.3,0.24,0.24,0.17,0.22,0.28,0.46,6.57,N/A,ModelProviders
,"Llama 4 Maverick (Turbo, FP8)",8k,No,No,Open,Yes,meta-llama/Llama-4-Maverick-17B-128E-Instruct-Turbo,,51,81%,67%,5%,40%,33%,88%,89%,39%,,$0.50,$0.50,$0.50,886.0,599.8,751.4,"1,017.4","1,078.2",0.18,0.18,0.15,0.17,0.22,0.27,0.75,N/A,ModelProviders
,Llama 4 Maverick (FP8),1m,Yes,No,Open,Yes,meta-llama/llama-4-maverick-17b-128e-instruct-fp8,,51,81%,67%,5%,40%,33%,88%,89%,39%,,$0.34,$0.17,$0.85,124.1,39.7,78.2,141.2,151.4,0.41,0.41,0.32,0.36,0.52,0.65,4.44,N/A,ModelProviders
,Llama 4 Maverick (FP8),1m,Yes,Yes,Open,Yes,meta-llama/Llama-4-Maverick-17B-128E-Instruct-FP8,,51,81%,67%,5%,40%,33%,88%,89%,39%,,$0.39,$0.25,$0.80,183.0,121.1,148.5,203.5,217.6,0.33,0.33,0.25,0.28,0.37,0.59,3.07,N/A,ModelProviders
,Llama 4 Maverick,128k,Yes,Yes,Open,Yes,meta-llama/llama-4-maverick-17b-128e-instruct,,51,81%,67%,5%,40%,33%,88%,89%,39%,,$0.30,$0.20,$0.60,736.1,596.4,674.7,777.3,822.4,0.09,0.09,0.07,0.08,0.14,0.16,0.77,N/A,ModelProviders
,Llama 4 Maverick,131k,Yes,Yes,Open,Yes,Llama-4-Maverick-17B-128E-Instruct,,51,81%,67%,5%,40%,33%,88%,89%,39%,,$0.92,$0.63,$1.80,752.1,699.6,719.8,774.8,812.2,0.23,0.23,0.22,0.22,0.31,0.39,0.89,N/A,ModelProviders
,Llama 4 Maverick,524k,Yes,Yes,Open,Yes,meta-llama/Llama-4-Maverick-17B-128E-Instruct-FP8,,51,81%,67%,5%,40%,33%,88%,89%,39%,,$0.41,$0.27,$0.85,109.2,80.4,103.0,116.0,120.9,0.19,0.19,0.16,0.18,0.21,0.30,4.77,N/A,ModelProviders
,Mistral Medium 3,128k,Yes,Yes,Proprietary,No,mistral-medium-2505,,49,76%,58%,4%,40%,33%,90%,91%,44%,,$0.80,$0.40,$2.00,112.7,84.6,98.3,120.6,132.1,0.29,0.29,0.25,0.29,0.32,0.52,4.73,N/A,ModelProviders
,Mistral Medium 3,128k,Yes,Yes,Proprietary,Yes,mistral-medium-2505,,49,76%,58%,4%,40%,33%,90%,91%,44%,,$0.80,$0.40,$2.00,54.4,49.7,53.5,55.8,56.4,0.40,0.40,0.32,0.35,0.75,12.35,9.59,N/A,ModelProviders
,Reka Flash 3,128k,No,No,Open,No,reka-flash-3,,47,67%,53%,5%,44%,27%,95%,89%,51%,,$0.35,$0.20,$0.80,57.4,57.0,57.3,58.7,58.9,1.20,36.07,1.11,1.16,1.22,1.27,44.78,34.86,ModelProviders
,Solar Pro 2,66k,Yes,No,Proprietary,Yes,solar-pro2-250710,,47,75%,56%,4%,42%,25%,88%,89%,41%,,$0.50,$0.50,$0.50,123.9,109.9,121.4,126.2,127.7,1.25,1.25,1.09,1.14,1.33,1.50,5.29,N/A,ModelProviders
,Gemini 2.5 Flash-Lite (AI Studio),1m,Yes,No,Proprietary,Yes,gemini-2.5-flash-lite-preview-06-17,,46,72%,47%,4%,40%,18%,93%,93%,50%,,$0.17,$0.10,$0.40,458.4,316.7,346.3,553.9,634.5,0.29,0.29,0.18,0.24,0.32,0.35,1.38,N/A,ModelProviders
,Llama 4 Scout,1m,Yes,No,Open,Yes,llama-4-scout-17b-16e-instruct,,43,75%,59%,4%,30%,17%,83%,84%,28%,,$0.14,$0.08,$0.30,110.7,92.8,107.6,114.6,119.3,0.21,0.21,0.15,0.16,0.23,0.31,4.72,N/A,ModelProviders
,Llama 4 Scout (FP8),158k,Yes,No,Open,Yes,parasail-llama-4-scout-instruct,,43,75%,59%,4%,30%,17%,83%,84%,28%,,$0.19,$0.09,$0.48,108.0,88.0,102.0,116.0,119.7,0.35,0.35,0.25,0.28,0.38,0.44,4.98,N/A,ModelProviders
,Llama 4 Scout,32k,Yes,Yes,Open,Yes,llama-4-scout-17b-16e-instruct,,43,75%,59%,4%,30%,17%,83%,84%,28%,,$0.70,$0.65,$0.85,"2,141.1",557.0,"1,774.9","2,411.5","2,744.7",0.19,0.19,0.13,0.15,0.23,0.27,0.42,N/A,ModelProviders
,Llama 4 Scout,128k,Yes,No,Open,No,us.meta.llama4-scout-17b-instruct-v1:0,,43,75%,59%,4%,30%,17%,83%,84%,28%,,$0.29,$0.17,$0.66,157.8,140.6,153.5,161.5,168.5,0.47,0.47,0.32,0.41,0.57,0.60,3.64,N/A,ModelProviders
,Llama 4 Scout Vertex,1m,Yes,Yes,Open,Yes,meta/llama-4-scout-17b-16e-instruct-maas,,43,75%,59%,4%,30%,17%,83%,84%,28%,,$0.36,$0.25,$0.70,124.2,115.9,121.4,127.3,129.6,0.28,0.28,0.26,0.27,0.29,0.33,4.31,N/A,ModelProviders
,Llama 4 Scout,128k,Yes,No,Open,Yes,llama4-scout,,43,75%,59%,4%,30%,17%,83%,84%,28%,,$0.34,$0.20,$0.78,85.8,62.9,69.6,116.0,143.5,0.30,0.30,0.22,0.27,0.32,0.35,6.13,N/A,ModelProviders
,Llama 4 Scout (Base),1m,Yes,Yes,Open,Yes,accounts/fireworks/models/llama4-scout-instruct-basic,,43,75%,59%,4%,30%,17%,83%,84%,28%,,$0.26,$0.15,$0.60,156.7,147.5,153.0,160.2,164.3,0.48,0.48,0.41,0.43,0.59,0.71,3.67,N/A,ModelProviders
,Llama 4 Scout,131k,Yes,No,Open,Yes,meta-llama/Llama-4-Scout-17B-16E-Instruct,,43,75%,59%,4%,30%,17%,83%,84%,28%,,$0.14,$0.08,$0.30,77.0,43.8,65.4,84.8,89.9,0.25,0.25,0.17,0.20,0.27,0.33,6.74,N/A,ModelProviders
,Llama 4 Scout,131k,Yes,No,Open,Yes,meta-llama/llama-4-scout-17b-16e-instruct,,43,75%,59%,4%,30%,17%,83%,84%,28%,,$0.20,$0.10,$0.50,65.5,44.5,58.3,78.7,90.1,0.69,0.69,0.62,0.66,0.78,0.99,8.33,N/A,ModelProviders
,Llama 4 Scout,1m,No,Yes,Open,Yes,meta-llama/Llama-4-Scout-17B-16E-Instruct,,43,75%,59%,4%,30%,17%,83%,84%,28%,,$0.18,$0.08,$0.50,146.6,115.7,126.9,151.4,162.9,0.34,0.34,0.29,0.31,0.42,0.55,3.75,N/A,ModelProviders
,Llama 4 Scout,131k,Yes,Yes,Open,Yes,meta-llama/llama-4-scout-17b-16e-instruct,,43,75%,59%,4%,30%,17%,83%,84%,28%,,$0.17,$0.11,$0.34,491.8,431.0,467.1,497.8,512.6,0.09,0.09,0.07,0.08,0.15,0.19,1.11,N/A,ModelProviders
,Llama 4 Scout,328k,Yes,Yes,Open,Yes,meta-llama/Llama-4-Scout-17B-16E-Instruct,,43,75%,59%,4%,30%,17%,83%,84%,28%,,$0.28,$0.18,$0.59,104.5,62.7,97.3,118.6,127.5,0.20,0.20,0.14,0.17,0.30,5.57,4.98,N/A,ModelProviders
,Nova Premier,1m,Yes,No,Proprietary,No,us.amazon.nova-premier-v1:0,,43,73%,57%,5%,32%,28%,91%,84%,17%,,$5.00,$2.50,$12.50,113.4,97.8,104.0,118.3,122.9,0.64,0.64,0.50,0.57,0.68,0.75,5.05,N/A,ModelProviders
,Mistral Small 3.2,33k,Yes,Yes,Open,No,mistral-small-2506,,42,68%,51%,4%,28%,26%,85%,88%,32%,,$0.15,$0.10,$0.30,238.2,149.7,221.1,259.6,296.2,0.28,0.28,0.25,0.26,0.29,0.62,2.38,N/A,ModelProviders
,Mistral Small 3.2 (FP8),128k,Yes,No,Open,Yes,mistralai/Mistral-Small-3.2-24B-Instruct-2506,,42,68%,51%,4%,28%,26%,85%,88%,32%,,$0.06,$0.05,$0.10,32.7,13.3,27.1,45.3,71.6,0.60,0.60,0.14,0.25,1.32,2.46,15.89,N/A,ModelProviders
,Llama 3.3 70B (FP8),128k,Yes,No,Open,Yes,llama3.3-70b-instruct-fp8,,41,71%,50%,4%,29%,26%,86%,77%,30%,,$0.17,$0.12,$0.30,55.7,50.5,52.9,56.7,58.5,0.20,0.20,0.15,0.16,0.22,0.25,9.18,N/A,ModelProviders
,Llama 3.3 70B (FP8),131k,Yes,No,Open,Yes,parasail-llama-33-70b-fp8,,41,71%,50%,4%,29%,26%,86%,77%,30%,,$0.28,$0.28,$0.28,130.9,107.3,124.7,139.0,151.9,0.41,0.41,0.30,0.37,0.46,0.51,4.23,N/A,ModelProviders
,Llama 3.3 70B,128k,Yes,Yes,Open,Yes,llama-3.3-70b,,41,71%,50%,4%,29%,26%,86%,77%,30%,,$0.94,$0.85,$1.20,"1,845.7","1,602.6","1,792.3","1,975.0","2,124.8",0.21,0.21,0.17,0.19,0.28,0.37,0.49,N/A,ModelProviders
,Llama 3.3 70B,128k,No,No,Open,Yes,meta-llama/Llama-3.3-70B-Instruct,,41,71%,50%,4%,29%,26%,86%,77%,30%,,$0.40,$0.40,$0.40,35.1,19.1,32.1,168.4,"1,401.6",0.82,0.82,0.56,0.72,0.92,2.98,15.05,N/A,ModelProviders
,Llama 3.3 70B,128k,Yes,No,Open,No,us.meta.llama3-3-70b-instruct-v1:0,,41,71%,50%,4%,29%,26%,86%,77%,30%,,$0.71,$0.71,$0.71,250.0,201.5,221.3,264.0,313.5,0.45,0.45,0.38,0.44,0.47,0.51,2.45,N/A,ModelProviders
,Llama 3.3 70B Fast,128k,Yes,Yes,Open,Yes,meta-llama/Llama-3.3-70B-Instruct-fast,,41,71%,50%,4%,29%,26%,86%,77%,30%,,$0.38,$0.25,$0.75,243.3,211.8,237.4,246.4,251.9,0.46,0.46,0.44,0.45,0.48,0.50,2.51,N/A,ModelProviders
,Llama 3.3 70B Base,128k,Yes,Yes,Open,Yes,meta-llama/Llama-3.3-70B-Instruct,,41,71%,50%,4%,29%,26%,86%,77%,30%,,$0.20,$0.13,$0.40,37.7,24.9,35.4,39.4,40.6,0.51,0.51,0.45,0.47,0.63,1.17,13.76,N/A,ModelProviders
,Llama 3.3 70B Vertex,128k,Yes,Yes,Open,Yes,meta/llama-3.3-70b-instruct-maas,,41,71%,50%,4%,29%,26%,86%,77%,30%,,$0.72,$0.72,$0.72,85.1,80.9,84.3,85.5,85.7,0.12,0.12,0.10,0.11,0.13,0.17,6.00,N/A,ModelProviders
,Llama 3.3 70B Snowflake,8k,No,Yes,Open,No,snowflake-llama-3.3-70b,,41,71%,50%,4%,29%,26%,86%,77%,30%,,$0.58,$0.58,$0.58,197.9,85.0,85.5,210.0,218.8,0.25,0.25,0.19,0.23,0.33,0.46,2.77,N/A,ModelProviders
,Llama 3.3 70B,128k,Yes,No,Open,Yes,Llama-3-3-70B-Instruct,,41,71%,50%,4%,29%,26%,86%,77%,30%,,$0.71,$0.71,$0.71,44.2,11.6,31.4,52.3,56.4,0.67,0.67,0.30,0.41,4.92,240.48,11.98,N/A,ModelProviders
,Llama 3.3 70B,128k,Yes,Yes,Open,Yes,accounts/fireworks/models/llama-v3p3-70b-instruct,,41,71%,50%,4%,29%,26%,86%,77%,30%,,$0.90,$0.90,$0.90,190.9,106.1,155.8,242.9,268.7,0.33,0.33,0.26,0.29,0.45,0.70,2.95,N/A,ModelProviders
,"Llama 3.3 70B (Turbo, FP8)",128k,Yes,Yes,Open,Yes,meta-llama/Llama-3.3-70B-Instruct-Turbo,,41,71%,50%,4%,29%,26%,86%,77%,30%,,$0.06,$0.04,$0.12,51.9,31.6,42.9,57.9,59.4,0.36,0.36,0.18,0.30,0.68,1.27,9.99,N/A,ModelProviders
,Llama 3.3 70B,128k,Yes,Yes,Open,Yes,meta-llama/Llama-3.3-70B-Instruct,,41,71%,50%,4%,29%,26%,86%,77%,30%,,$0.27,$0.23,$0.40,24.0,17.3,21.2,32.2,34.5,0.45,0.45,0.16,0.21,0.56,2.63,21.27,N/A,ModelProviders
,Llama 3.3 70B,128k,Yes,Yes,Open,Yes,meta-llama-3.3-70b-instruct,,41,71%,50%,4%,29%,26%,86%,77%,30%,,$0.60,$0.60,$0.60,203.6,155.2,192.1,213.2,220.4,0.24,0.24,0.21,0.24,0.27,0.32,2.70,N/A,ModelProviders
,Llama 3.3 70B,128k,Yes,No,Open,Yes,meta-llama/llama-3.3-70b-instruct,,41,71%,50%,4%,29%,26%,86%,77%,30%,,$0.20,$0.13,$0.39,42.7,28.4,35.7,46.5,47.8,0.48,0.48,0.43,0.46,0.65,0.96,12.18,N/A,ModelProviders
,Llama 3.3 70B,128k,Yes,Yes,Open,Yes,llama-3.3-70b-versatile,,41,71%,50%,4%,29%,26%,86%,77%,30%,,$0.64,$0.59,$0.79,563.8,495.1,529.0,583.4,599.9,0.10,0.10,0.09,0.09,0.15,0.93,0.99,N/A,ModelProviders
,Llama 3.3 70B,128k,Yes,Yes,Open,Yes,Meta-Llama-3.3-70B-Instruct,,41,71%,50%,4%,29%,26%,86%,77%,30%,,$0.75,$0.60,$1.20,632.1,513.2,569.9,668.9,709.4,0.23,0.23,0.21,0.21,0.35,0.47,1.02,N/A,ModelProviders
,Llama 3.3 70B Turbo,128k,Yes,Yes,Open,Yes,meta-llama/Llama-3.3-70B-Instruct-Turbo,,41,71%,50%,4%,29%,26%,86%,77%,30%,,$0.88,$0.88,$0.88,181.8,108.7,144.0,198.4,254.1,0.28,0.28,0.20,0.21,0.33,0.94,3.03,N/A,ModelProviders
,GPT-4.1 nano,1m,Yes,Yes,Proprietary,Yes,gpt-4.1-nano-2025-04-14,,41,66%,51%,4%,33%,26%,88%,85%,24%,,$0.17,$0.10,$0.40,113.3,77.4,91.9,157.3,239.1,0.42,0.42,0.29,0.34,0.49,0.72,4.83,N/A,ModelProviders
,GPT-4.1 nano,1m,Yes,Yes,Proprietary,Yes,gpt-4.1-nano,,41,66%,51%,4%,33%,26%,88%,85%,24%,,$0.17,$0.10,$0.40,206.5,152.1,176.0,245.8,273.1,0.58,0.58,0.51,0.53,0.63,0.90,3.00,N/A,ModelProviders
,Llama 3.1 405B (FP8),128k,Yes,No,Open,Yes,llama3.1-405b-instruct-fp8,,40,73%,52%,4%,31%,30%,85%,70%,21%,1266,$0.80,$0.80,$0.80,35.4,33.1,34.8,35.6,35.8,0.14,0.14,0.13,0.13,0.17,0.23,14.26,N/A,ModelProviders
,Llama 3.1 405B,128k,No,No,Open,Yes,meta/meta-llama-3.1-405b-instruct,,40,73%,52%,4%,31%,30%,85%,70%,21%,1266,$9.50,$9.50,$9.50,19.4,19.0,19.3,19.4,19.5,0.42,0.42,0.37,0.40,0.45,0.60,26.22,N/A,ModelProviders
,Llama 3.1 405B,128k,No,No,Open,Yes,meta-llama/Meta-Llama-3.1-405B-Instruct,,40,73%,52%,4%,31%,30%,85%,70%,21%,1266,$4.00,$4.00,$4.00,104.2,83.8,97.1,112.6,117.3,0.87,0.87,0.74,0.82,0.94,1.13,5.67,N/A,ModelProviders
,Llama 3.1 405B Standard,128k,Yes,No,Open,No,meta.llama3-1-405b-instruct-v1:0,,40,73%,52%,4%,31%,30%,85%,70%,21%,1266,$2.40,$2.40,$2.40,36.4,28.7,34.7,38.1,39.3,1.36,1.36,1.31,1.33,1.37,1.46,15.10,N/A,ModelProviders
,Llama 3.1 405B Latency Optimized,128k,Yes,No,Open,No,us.meta.llama3-1-405b-instruct-v1:0,,40,73%,52%,4%,31%,30%,85%,70%,21%,1266,$3.00,$3.00,$3.00,105.7,93.3,101.9,108.2,114.5,0.28,0.28,0.25,0.27,0.30,0.34,5.01,N/A,ModelProviders
,Llama 3.1 405B Base,128k,Yes,Yes,Open,Yes,meta-llama/Meta-Llama-3.1-405B-Instruct,,40,73%,52%,4%,31%,30%,85%,70%,21%,1266,$1.50,$1.00,$3.00,32.8,29.9,30.8,33.3,33.5,0.51,0.51,0.46,0.47,0.53,0.56,15.77,N/A,ModelProviders
,Llama 3.1 405B Vertex,128k,Yes,No,Open,Yes,meta/llama3-405b-instruct-maas,,40,73%,52%,4%,31%,30%,85%,70%,21%,1266,$7.75,$5.00,$16.00,29.9,29.2,29.5,30.1,30.4,0.19,0.19,0.17,0.18,0.19,0.40,16.92,N/A,ModelProviders
,Llama 3.1 405B,128k,No,No,Open,Yes,Meta-Llama-3-1-405B-Instruct,,40,73%,52%,4%,31%,30%,85%,70%,21%,1266,$8.00,$5.33,$16.00,31.8,31.1,31.3,32.0,32.1,0.33,0.33,0.29,0.31,0.34,0.37,16.05,N/A,ModelProviders
,Llama 3.1 405B,128k,Yes,Yes,Open,Yes,accounts/fireworks/models/llama-v3p1-405b-instruct,,40,73%,52%,4%,31%,30%,85%,70%,21%,1266,$3.00,$3.00,$3.00,98.8,77.9,83.2,102.2,104.2,0.38,0.38,0.32,0.35,0.47,0.65,5.44,N/A,ModelProviders
,Llama 3.1 405B,33k,Yes,Yes,Open,Yes,meta-llama/Meta-Llama-3.1-405B-Instruct,,40,73%,52%,4%,31%,30%,85%,70%,21%,1266,$0.80,$0.80,$0.80,21.6,14.4,19.1,23.7,25.3,0.27,0.27,0.17,0.21,0.49,1.12,23.39,N/A,ModelProviders
,Llama 3.1 405B,16k,Yes,Yes,Open,Yes,Meta-Llama-3.1-405B-Instruct,,40,73%,52%,4%,31%,30%,85%,70%,21%,1266,$6.25,$5.00,$10.00,210.1,168.8,192.5,217.1,235.0,0.39,0.39,0.36,0.37,0.41,0.54,2.77,N/A,ModelProviders
,Llama 3.1 405B,128k,Yes,No,Open,Yes,databricks-meta-llama-3-1-405b-instruct,,40,73%,52%,4%,31%,30%,85%,70%,21%,1266,$7.50,$5.00,$15.00,41.1,31.1,40.8,41.5,41.6,0.74,0.74,0.54,0.66,0.80,1.08,12.91,N/A,ModelProviders
,Llama 3.1 405B Turbo,128k,Yes,No,Open,Yes,meta-llama/Meta-Llama-3.1-405B-Instruct-Turbo,,40,73%,52%,4%,31%,30%,85%,70%,21%,1266,$3.50,$3.50,$3.50,89.9,57.2,73.3,107.7,118.1,0.40,0.40,0.29,0.32,0.52,0.81,5.96,N/A,ModelProviders
,MiniMax-Text-01,1m,Yes,No,Open,Yes,MiniMax-Text-01,,40,76%,58%,4%,25%,25%,86%,75%,13%,,$0.42,$0.20,$1.10,28.4,26.1,26.9,34.5,40.5,0.58,0.58,0.48,0.51,0.95,1.48,18.18,N/A,ModelProviders
,Phi-4,16k,Yes,Yes,Open,Yes,microsoft/phi-4,,40,71%,57%,4%,23%,26%,87%,81%,14%,,$0.15,$0.10,$0.30,116.6,70.2,113.6,117.4,118.7,0.45,0.45,0.42,0.43,0.51,0.80,4.74,N/A,ModelProviders
,Phi-4,16k,No,No,Open,Yes,Phi-4-Global-Standard,,40,71%,57%,4%,23%,26%,87%,81%,14%,,$0.22,$0.13,$0.50,43.0,33.6,41.2,45.8,46.2,0.32,0.32,0.25,0.30,0.36,29.67,11.96,N/A,ModelProviders
,Phi-4,16k,No,Yes,Open,Yes,microsoft/phi-4,,40,71%,57%,4%,23%,26%,87%,81%,14%,,$0.09,$0.07,$0.14,46.8,40.1,42.1,50.6,55.9,0.47,0.47,0.14,0.26,0.51,1.10,11.16,N/A,ModelProviders
,Command A,256k,Yes,Yes,Open,No,command-a-03-2025,,40,71%,53%,5%,29%,28%,82%,82%,10%,,$4.38,$2.50,$10.00,73.2,18.6,32.0,138.2,178.4,0.41,0.41,0.14,0.26,2.35,15.18,7.24,N/A,ModelProviders
,Devstral Medium,256k,Yes,Yes,Proprietary,No,devstral-medium-2507,,38,71%,49%,4%,34%,29%,94%,71%,7%,,$0.80,$0.40,$2.00,135.7,105.9,116.7,144.0,162.1,0.31,0.31,0.27,0.29,0.54,6.74,3.99,N/A,ModelProviders
,Gemma 3 27B,131k,Yes,No,Open,Yes,parasail-gemma3-27b-it,,38,67%,43%,5%,14%,21%,89%,88%,25%,,$0.29,$0.25,$0.40,72.5,59.9,65.7,76.5,81.2,0.32,0.32,0.23,0.28,0.36,0.61,7.22,N/A,ModelProviders
,Gemma 3 27B (AI_Studio),128k,No,No,Open,Yes,gemma-3-27b-it,,38,67%,43%,5%,14%,21%,89%,88%,25%,,$0.00,$0.00,$0.00,48.1,40.8,45.2,52.4,56.0,0.52,0.52,0.48,0.50,0.54,0.58,10.92,N/A,ModelProviders
,Gemma 3 27B,128k,Yes,No,Open,Yes,google/gemma-3-27b-it,,38,67%,43%,5%,14%,21%,89%,88%,25%,,$0.11,$0.09,$0.17,32.1,18.8,24.3,37.2,41.7,0.30,0.30,0.25,0.27,0.36,1.01,15.88,N/A,ModelProviders
,Llama 3.1 Nemotron 70B (FP8),128k,Yes,No,Open,Yes,llama3.1-nemotron-70b-instruct-fp8,,37,69%,47%,5%,17%,23%,82%,73%,25%,1269,$0.17,$0.12,$0.30,50.3,47.0,49.8,50.7,51.3,0.12,0.12,0.11,0.12,0.14,0.38,10.07,N/A,ModelProviders
,Llama 3.1 Nemotron 70B,128k,Yes,Yes,Open,Yes,nvidia/Llama-3.1-Nemotron-70B-Instruct,,37,69%,47%,5%,17%,23%,82%,73%,25%,1269,$0.17,$0.12,$0.30,35.1,10.2,19.7,38.0,40.3,0.51,0.51,0.15,0.24,0.83,26.53,14.75,N/A,ModelProviders
,GPT-4o mini,128k,Yes,Yes,Proprietary,Yes,gpt-4o-mini-2024-07-18,,36,65%,43%,4%,23%,23%,88%,79%,12%,1273,$0.26,$0.15,$0.60,56.6,37.0,49.2,65.8,74.9,0.44,0.44,0.31,0.37,0.53,0.76,9.27,N/A,ModelProviders
,GPT-4o mini,128k,Yes,Yes,Proprietary,Yes,gpt-4o-mini,,36,65%,43%,4%,23%,23%,88%,79%,12%,1273,$0.26,$0.15,$0.60,78.0,64.1,67.1,98.1,158.2,0.92,0.92,0.65,0.78,1.10,1.48,7.33,N/A,ModelProviders
,Gemma 3 12B,128k,Yes,No,Open,Yes,google/gemma-3-12b-it,,34,60%,35%,5%,14%,17%,83%,85%,22%,,$0.06,$0.05,$0.10,51.1,29.3,37.3,60.7,67.3,0.55,0.55,0.23,0.47,0.63,1.57,10.33,N/A,ModelProviders
,Llama 3.2 90B (Vision),128k,Yes,No,Open,No,us.meta.llama3-2-90b-instruct-v1:0,,33,67%,43%,5%,21%,24%,82%,63%,5%,,$0.72,$0.72,$0.72,60.1,55.3,58.8,60.8,61.0,0.43,0.43,0.34,0.42,0.46,0.50,8.76,N/A,ModelProviders
,Llama 3.2 90B (Vision) Vertex,128k,Yes,No,Open,Yes,meta/llama-3.2-90b-vision-instruct-maas,,33,67%,43%,5%,21%,24%,82%,63%,5%,,$0.00,$0.00,$0.00,33.2,30.7,32.5,33.7,34.4,0.14,0.14,0.13,0.14,0.16,1.67,15.20,N/A,ModelProviders
,Llama 3.2 90B (Vision),33k,No,No,Open,Yes,meta-llama/Llama-3.2-90B-Vision-Instruct,,33,67%,43%,5%,21%,24%,82%,63%,5%,,$0.36,$0.35,$0.40,35.0,23.9,29.7,38.5,41.2,0.21,0.21,0.14,0.17,0.35,1.23,14.50,N/A,ModelProviders
,Devstral Small,256k,Yes,Yes,Open,No,devstral-small-2507,,32,62%,41%,4%,25%,24%,85%,64%,0%,,$0.15,$0.10,$0.30,207.3,165.6,185.0,212.2,222.5,0.27,0.27,0.25,0.26,0.30,0.33,2.69,N/A,ModelProviders
,Devstral Small,128k,Yes,Yes,Open,Yes,mistralai/Devstral-Small-2505,,32,62%,41%,4%,25%,24%,85%,64%,0%,,$0.12,$0.08,$0.24,139.8,66.1,138.0,142.3,145.3,0.46,0.46,0.43,0.44,0.61,1.44,4.04,N/A,ModelProviders
,Devstral Small,128k,No,No,Open,Yes,mistralai/Devstral-Small-2507,,32,62%,41%,4%,25%,24%,85%,64%,0%,,$0.12,$0.07,$0.28,94.6,71.0,91.2,96.2,98.8,0.48,0.48,0.14,0.45,0.52,0.60,5.77,N/A,ModelProviders
,Jamba 1.7 Large,256k,Yes,Yes,Open,No,jamba-large-1.7,,30,58%,39%,4%,18%,19%,71%,60%,6%,,$3.50,$2.00,$8.00,54.0,44.2,52.3,56.0,58.2,0.73,0.73,0.59,0.68,0.83,0.88,9.99,N/A,ModelProviders
,Gemma 3n E4B,33k,No,No,Open,Yes,google/gemma-3n-E4B-it,,28,49%,30%,4%,15%,8%,,77%,14%,,$0.03,$0.02,$0.04,70.3,59.0,68.0,72.5,77.0,0.47,0.47,0.25,0.30,19.61,35.88,7.58,N/A,ModelProviders
,Codestral (Jan '25),256k,Yes,Yes,Proprietary,No,codestral-2501,,28,45%,31%,5%,24%,25%,85%,61%,4%,,$0.45,$0.30,$0.90,265.1,208.3,243.9,277.1,307.1,0.28,0.28,0.25,0.27,0.32,0.59,2.17,N/A,ModelProviders
,Codestral (Jan '25) Vertex,128k,Yes,No,Proprietary,Yes,mistralai/codestral-2501,,28,45%,31%,5%,24%,25%,85%,61%,4%,,$0.45,$0.30,$0.90,153.5,144.6,150.4,156.0,160.1,0.11,0.11,0.10,0.11,0.12,0.15,3.37,N/A,ModelProviders
,Phi-4 Multimodal,128k,No,No,Open,Yes,Phi-4-multimodal-instruct-xpmhe,,27,49%,32%,4%,13%,11%,73%,69%,9%,,$0.00,$0.00,$0.00,21.2,20.3,20.7,21.5,23.3,0.33,0.33,0.31,0.33,0.35,0.37,23.91,N/A,ModelProviders
,Gemma 3 4B,128k,Yes,No,Open,Yes,google/gemma-3-4b-it,,25,42%,29%,5%,11%,7%,72%,77%,6%,,$0.03,$0.02,$0.04,81.7,53.8,68.8,116.0,150.0,0.54,0.54,0.17,0.25,0.57,0.71,6.66,N/A,ModelProviders
,Gemma 3n E2B (AI Studio),32k,No,No,Open,Yes,gemma-3n-e2b-it,,22,38%,23%,4%,10%,5%,,69%,9%,,$0.00,$0.00,$0.00,48.8,42.5,46.4,50.4,62.3,0.24,0.24,0.17,0.19,0.32,0.51,10.50,N/A,ModelProviders
,Ministral 8B,128k,Yes,Yes,Open,No,ministral-8b-latest,,22,39%,28%,5%,11%,12%,77%,57%,4%,1183,$0.10,$0.10,$0.10,254.4,103.1,236.5,287.0,316.4,0.26,0.26,0.24,0.26,0.27,0.30,2.22,N/A,ModelProviders
,Aya Expanse 32B,128k,No,No,Open,No,c4ai-aya-expanse-32b,,20,38%,23%,5%,14%,15%,68%,45%,0%,1207,$0.75,$0.50,$1.50,114.0,105.4,108.9,116.6,120.2,0.11,0.11,0.10,0.11,0.12,0.13,4.50,N/A,ModelProviders
,Ministral 3B,128k,Yes,Yes,Proprietary,No,ministral-3b-latest,,20,34%,26%,6%,7%,9%,74%,54%,0%,,$0.04,$0.04,$0.04,314.1,275.7,305.4,331.7,357.4,0.27,0.27,0.24,0.25,0.28,0.33,1.86,N/A,ModelProviders
,Jamba 1.7 Mini,258k,Yes,Yes,Open,No,jamba-mini-1.7,,18,39%,32%,5%,6%,9%,48%,26%,1%,,$0.25,$0.20,$0.40,167.8,156.5,165.2,171.0,175.3,0.68,0.68,0.45,0.59,0.73,0.97,3.66,N/A,ModelProviders
,Aya Expanse 8B,8k,No,No,Open,No,c4ai-aya-expanse-8b,,16,31%,25%,5%,7%,8%,44%,32%,0%,,$0.75,$0.50,$1.50,162.1,149.2,158.9,164.9,173.6,0.11,0.11,0.09,0.10,0.12,0.14,3.19,N/A,ModelProviders
,o3-pro,200k,Yes,Yes,Proprietary,Yes,o3-pro-2025-06-10,,,,85%,,,,,,,,$35.00,$20.00,$80.00,12.5,7.2,10.4,15.9,20.7,46.28,46.28,32.85,39.61,68.46,104.35,86.17,N/A,ModelProviders
,Llama 3.2 11B (Vision),128k,Yes,No,Open,No,us.meta.llama3-2-11b-instruct-v1:0,,,46%,22%,5%,11%,,69%,52%,9%,,$0.16,$0.16,$0.16,187.6,155.9,182.2,190.2,203.0,0.42,0.42,0.38,0.41,0.45,0.51,3.09,N/A,ModelProviders
,Llama 3.2 11B (Vision),128k,No,No,Open,Yes,meta-llama/Llama-3.2-11B-Vision-Instruct,,,46%,22%,5%,11%,,69%,52%,9%,,$0.05,$0.05,$0.05,54.0,36.4,50.0,59.1,69.3,0.45,0.45,0.13,0.19,0.53,0.55,9.71,N/A,ModelProviders
,Grok 3 mini Reasoning (low),131k,Yes,Yes,Proprietary,Yes,grok-3-mini-beta,,,,,,,,,,,,$0.35,$0.30,$0.50,152.8,111.3,145.3,162.9,183.1,0.55,13.65,0.35,0.45,0.61,1.30,16.92,13.09,ModelProviders
,Grok 3 mini Reasoning (low) Fast,131k,Yes,Yes,Proprietary,Yes,grok-3-mini-fast-beta,,,,,,,,,,,,$1.45,$0.60,$4.00,201.9,173.0,198.1,206.4,211.6,0.52,10.43,0.36,0.47,0.59,1.37,12.91,9.91,ModelProviders
