API Provider,Model,ContextWindow,Function Calling,JSON Mode,License,OpenAI Compatible,API ID,Footnotes,Artificial AnalysisIntelligence Index,MMLU-Pro (Reasoning & Knowledge),GPQA Diamond (Scientific Reasoning),Humanity's Last Exam (Reasoning & Knowledge),LiveCodeBench (Coding),SciCode (Coding),IFBench (Instruction Following),AIME 2025 (Competition Math),Chatbot Arena,BlendedUSD/1M Tokens,Input PriceUSD/1M Tokens,Output PriceUSD/1M Tokens,MedianTokens/s,P5Tokens/s,P25Tokens/s,P75Tokens/s,P95Tokens/s,MedianFirst Chunk (s),First AnswerToken (s),P5First Chunk (s),P25First Chunk (s),P75First Chunk (s),P95First Chunk (s),TotalResponse (s),ReasoningTime (s),FurtherAnalysis
,Grok 4,256k,Yes,Yes,Proprietary,Yes,grok-4-0709,,67,87%,88%,24%,82%,46%,54%,93%,,$6.00,$3.00,$15.00,62.3,24.3,42.5,69.5,77.5,10.26,10.26,4.17,6.73,17.85,51.80,18.29,N/A,ModelProviders
,o3,200k,Yes,Yes,Proprietary,Yes,o3-2025-04-16,,67,85%,83%,20%,78%,41%,71%,88%,,$3.50,$2.00,$8.00,190.0,77.0,114.5,240.1,278.1,13.03,13.03,8.35,10.68,20.20,39.24,15.66,N/A,ModelProviders
,o3,200k,Yes,No,Proprietary,Yes,o3-global-standard,,67,85%,83%,20%,78%,41%,71%,88%,,$3.50,$2.00,$8.00,97.2,81.8,89.5,100.5,115.6,28.35,28.35,24.02,26.23,30.77,36.67,33.50,N/A,ModelProviders
,o4-mini (high),200k,Yes,Yes,Proprietary,Yes,o4-mini-2025-04-16,,66,83%,78%,18%,80%,47%,69%,91%,,$1.93,$1.10,$4.40,107.4,69.7,94.6,131.8,152.2,49.42,49.42,31.34,38.76,73.01,83.22,54.08,N/A,ModelProviders
,o4-mini (high),200k,Yes,No,Proprietary,Yes,o4-mini,,66,83%,78%,18%,80%,47%,69%,91%,,$1.93,$1.10,$4.40,194.4,114.0,152.6,204.6,222.2,27.26,27.26,10.71,17.83,32.54,56.05,29.83,N/A,ModelProviders
,Gemini 2.5 Pro (AI_Studio),1m,Yes,Yes,Proprietary,Yes,gemini-2.5-pro,,64,86%,84%,21%,80%,43%,49%,88%,,$3.44,$1.25,$10.00,147.3,138.4,144.2,149.0,152.9,38.57,38.57,32.06,34.96,42.93,48.78,41.96,N/A,ModelProviders
,Gemini 2.5 Pro Vertex,1m,No,No,Proprietary,Yes,gemini-2.5-pro,,64,86%,84%,21%,80%,43%,49%,88%,,$3.44,$1.25,$10.00,151.9,144.1,148.1,156.1,163.0,39.13,39.13,24.37,33.63,40.88,51.36,42.43,N/A,ModelProviders
,Qwen3 235B 2507 (Reasoning),256k,No,No,Open,Yes,parasail-qwen3-235b-a22b-thinking-2507,,63,84%,79%,15%,79%,42%,51%,91%,,$1.24,$0.65,$3.00,72.4,35.7,69.3,73.5,73.8,0.46,28.10,0.37,0.40,0.50,0.76,35.00,27.63,ModelProviders
,Qwen3 235B 2507 (Reasoning),131k,Yes,Yes,Open,Yes,qwen-3-235b-a22b-thinking-2507,,63,84%,79%,15%,79%,42%,51%,91%,,$0.75,$0.60,$1.20,"1,644.3","1,298.3","1,441.4","1,769.2","2,082.8",0.24,1.45,0.21,0.22,0.30,0.39,1.76,1.22,ModelProviders
,Qwen3 235B 2507 (Reasoning) (FP8),262k,Yes,Yes,Open,Yes,Qwen/Qwen3-235B-A22B-Thinking-2507,,63,84%,79%,15%,79%,42%,51%,91%,,$0.25,$0.13,$0.60,39.5,25.2,33.5,46.2,53.0,0.31,50.99,0.23,0.27,0.36,0.84,63.66,50.68,ModelProviders
,Qwen3 235B 2507 (Reasoning),131k,No,No,Open,Yes,qwen/qwen3-235b-a22b-thinking-2507,,63,84%,79%,15%,79%,42%,51%,91%,,$0.97,$0.30,$3.00,47.1,29.7,39.5,81.9,85.7,1.22,43.69,0.48,0.74,1.75,413.53,54.31,42.47,ModelProviders
,Qwen3 235B 2507 (Reasoning),262k,No,No,Open,Yes,Qwen/Qwen3-235B-A22B-Thinking-2507,,63,84%,79%,15%,79%,42%,51%,91%,,$1.24,$0.65,$3.00,48.6,11.7,31.3,56.8,58.7,0.34,41.51,0.28,0.29,20.22,127.17,51.81,41.18,ModelProviders
,Qwen3 235B 2507 (Reasoning),131k,Yes,Yes,Open,Yes,qwen3-235b-a22b-thinking-2507,,63,84%,79%,15%,79%,42%,51%,91%,,$2.63,$0.70,$8.40,63.2,55.0,60.7,65.6,70.7,1.39,33.03,1.09,1.24,1.53,1.70,40.94,31.64,ModelProviders
,DeepSeek R1 0528,164k,Yes,No,Open,Yes,deepseek-r1-0528,,59,85%,81%,15%,77%,40%,40%,76%,,$0.92,$0.50,$2.18,51.2,37.5,45.9,55.2,58.5,0.37,39.41,0.31,0.34,0.41,0.70,49.17,39.04,ModelProviders
,DeepSeek R1 0528,64k,Yes,Yes,Open,Yes,deepseek-reasoner,,59,85%,81%,15%,77%,40%,40%,76%,,$0.96,$0.55,$2.19,23.5,18.3,21.7,26.8,29.2,3.39,88.40,1.83,3.05,3.96,4.91,109.66,85.01,ModelProviders
,DeepSeek R1 0528,164k,Yes,No,Open,Yes,parasail-deepseek-r1-0528,,59,85%,81%,15%,77%,40%,40%,76%,,$1.59,$0.79,$4.00,89.0,66.6,78.6,105.8,132.9,0.50,22.98,0.39,0.42,0.57,0.66,28.60,22.48,ModelProviders
,DeepSeek R1 0528,164k,No,No,Open,Yes,deepseek-ai/DeepSeek-R1-0528,,59,85%,81%,15%,77%,40%,40%,76%,,$3.00,$3.00,$3.00,118.0,97.1,110.7,131.5,154.5,1.07,18.02,0.83,1.00,1.19,1.40,22.25,16.95,ModelProviders
,DeepSeek R1 0528,164k,Yes,Yes,Open,Yes,deepseek-ai/DeepSeek-R1-0528,,59,85%,81%,15%,77%,40%,40%,76%,,$1.20,$0.80,$2.40,26.2,19.9,22.1,27.6,30.7,0.60,76.99,0.57,0.58,0.64,1.29,96.09,76.39,ModelProviders
,DeepSeek R1 0528 (Vertex),164k,Yes,Yes,Open,Yes,deepseek-ai/deepseek-r1-0528-maas,,59,85%,81%,15%,77%,40%,40%,76%,,$2.36,$1.35,$5.40,193.3,162.2,180.8,203.2,209.9,0.51,10.86,0.47,0.49,0.54,0.75,13.44,10.35,ModelProviders
,DeepSeek R1 0528,128k,No,No,Open,Yes,DeepSeek-R1-0528,,59,85%,81%,15%,77%,40%,40%,76%,,$2.36,$1.35,$5.40,116.3,106.6,114.0,119.1,120.3,0.56,17.76,0.43,0.51,0.74,35.79,22.06,17.20,ModelProviders
,DeepSeek R1 0528 Fast,164k,Yes,Yes,Open,Yes,accounts/fireworks/models/deepseek-r1-0528,,59,85%,81%,15%,77%,40%,40%,76%,,$4.25,$3.00,$8.00,259.4,242.8,254.9,268.3,275.0,0.47,8.18,0.41,0.44,0.49,0.57,10.11,7.71,ModelProviders
,DeepSeek R1 0528,164k,Yes,No,Open,Yes,deepseek-ai/DeepSeek-R1-0528,,59,85%,81%,15%,77%,40%,40%,76%,,$0.91,$0.50,$2.15,83.6,33.8,66.5,102.0,126.0,0.31,24.22,0.24,0.26,0.34,0.36,30.20,23.92,ModelProviders
,DeepSeek R1 0528,164k,Yes,No,Open,Yes,deepseek/deepseek-r1-0528,,59,85%,81%,15%,77%,40%,40%,76%,,$1.15,$0.70,$2.50,49.3,21.8,29.2,57.0,61.6,0.57,41.17,0.49,0.52,0.66,0.91,51.32,40.60,ModelProviders
,DeepSeek R1 0528,131k,No,Yes,Open,Yes,deepseek-ai/DeepSeek-R1-0528,,59,85%,81%,15%,77%,40%,40%,76%,,$1.18,$0.80,$2.30,124.7,86.2,111.1,139.0,191.0,0.44,16.48,0.38,0.41,0.57,0.77,20.49,16.04,ModelProviders
,DeepSeek R1 0528,33k,No,No,Open,Yes,DeepSeek-R1-0528,,59,85%,81%,15%,77%,40%,40%,76%,,$5.50,$5.00,$7.00,133.1,129.1,130.5,135.6,188.6,4.65,19.68,1.39,1.59,8.71,17.43,23.44,15.03,ModelProviders
,DeepSeek R1 0528,164k,Yes,No,Open,Yes,deepseek-ai/DeepSeek-R1,,59,85%,81%,15%,77%,40%,40%,76%,,$4.00,$3.00,$7.00,328.3,218.5,259.9,353.5,406.2,0.59,6.68,0.46,0.54,0.66,28.14,8.20,6.09,ModelProviders
,DeepSeek R1 0528 (Throughput),164k,Yes,No,Open,Yes,deepseek-ai/DeepSeek-R1-0528-tput,,59,85%,81%,15%,77%,40%,40%,76%,,$0.96,$0.55,$2.19,61.1,32.4,48.6,71.1,83.2,0.93,33.69,0.52,0.69,1.15,1.51,41.88,32.76,ModelProviders
,Grok 3 mini Reasoning (high),131k,Yes,Yes,Proprietary,Yes,grok-3-mini-beta,,59,83%,79%,11%,70%,41%,46%,85%,,$0.35,$0.30,$0.50,209.1,181.1,206.2,211.3,216.6,0.58,10.15,0.46,0.55,0.64,1.55,12.54,9.56,ModelProviders
,Grok 3 mini Reasoning (high) Fast,131k,Yes,Yes,Proprietary,Yes,grok-3-mini-fast-beta,,59,83%,79%,11%,70%,41%,46%,85%,,$1.45,$0.60,$4.00,209.7,195.0,203.3,213.0,215.1,0.64,10.17,0.51,0.57,0.70,0.88,12.56,9.54,ModelProviders
,Claude 4 Opus Thinking,200k,Yes,No,Proprietary,No,us.anthropic.claude-opus-4-20250514-v1:0,,58,87%,80%,12%,64%,40%,54%,73%,,$30.00,$15.00,$75.00,19.5,17.3,18.4,21.5,25.8,2.83,105.61,2.63,2.72,2.95,3.25,131.31,102.78,ModelProviders
,Claude 4 Opus Thinking Vertex,200k,Yes,Yes,Proprietary,Yes,claude-opus-4,,58,87%,80%,12%,64%,40%,54%,73%,,$30.00,$15.00,$75.00,57.0,45.7,49.8,60.1,64.8,1.67,36.73,1.32,1.55,1.79,2.33,45.49,35.06,ModelProviders
,Claude 4 Opus Thinking,200k,Yes,Yes,Proprietary,Yes,claude-opus-4-20250514,,58,87%,80%,12%,64%,40%,54%,73%,,$30.00,$15.00,$75.00,50.0,43.5,46.0,60.3,67.4,1.65,41.68,1.40,1.51,2.00,5.33,51.69,40.03,ModelProviders
,Claude 4 Sonnet Thinking,200k,Yes,No,Proprietary,No,us.anthropic.claude-sonnet-4-20250514-v1:0,,58,84%,78%,10%,66%,40%,55%,74%,,$6.00,$3.00,$15.00,71.5,57.5,64.1,83.0,89.7,1.06,29.02,0.87,0.97,1.28,1.72,36.01,27.96,ModelProviders
,Claude 4 Sonnet Thinking Vertex,200k,Yes,Yes,Proprietary,Yes,claude-sonnet-4,,58,84%,78%,10%,66%,40%,55%,74%,,$6.00,$3.00,$15.00,47.6,36.0,43.3,53.2,59.0,1.21,43.20,1.09,1.14,1.41,1.68,53.70,41.99,ModelProviders
,Claude 4 Sonnet Thinking,200k,Yes,Yes,Proprietary,Yes,claude-sonnet-4-20250514,,58,84%,78%,10%,66%,40%,55%,74%,,$6.00,$3.00,$15.00,62.4,49.5,54.4,67.8,78.7,1.05,33.08,0.86,0.93,1.22,1.61,41.09,32.03,ModelProviders
,Gemini 2.5 Flash (Reasoning) (AI_Studio),1m,Yes,No,Proprietary,Yes,gemini-2.5-flash,,58,83%,79%,11%,70%,39%,50%,73%,,$0.85,$0.30,$2.50,302.5,276.7,288.4,311.4,314.2,14.70,14.70,7.66,8.42,16.40,18.86,16.35,N/A,ModelProviders
,Gemini 2.5 Flash (Reasoning) (Vertex),1m,Yes,Yes,Proprietary,Yes,google/gemini-2.5-flash,,58,83%,79%,11%,70%,39%,50%,73%,,$0.85,$0.30,$2.50,271.2,258.3,267.2,280.1,292.3,17.41,17.41,8.67,9.12,21.78,26.06,19.26,N/A,ModelProviders
,EXAONE 4.0 32B (Reasoning),131k,Yes,Yes,Open,Yes,LGAI-EXAONE/EXAONE-4.0-32B,,56,82%,74%,11%,75%,34%,36%,80%,,$0.70,$0.60,$1.00,103.8,78.3,94.5,129.0,131.8,0.29,19.56,0.27,0.28,0.32,0.36,24.38,19.27,ModelProviders
,Qwen3 235B (Reasoning) (FP8),41k,Yes,No,Open,Yes,parasail-qwen3-235b-a22b,,55,83%,70%,12%,62%,40%,39%,82%,,$0.35,$0.18,$0.85,62.5,37.2,55.1,72.6,81.2,0.49,32.49,0.35,0.43,0.53,0.59,40.50,32.01,ModelProviders
,Qwen3 235B (Reasoning) Base,33k,Yes,Yes,Open,Yes,Qwen/Qwen3-235B-A22B,,55,83%,70%,12%,62%,40%,39%,82%,,$0.30,$0.20,$0.60,40.7,24.9,30.8,43.6,52.2,0.58,49.67,0.54,0.56,0.62,0.94,61.95,49.10,ModelProviders
,Qwen3 235B (Reasoning),131k,Yes,Yes,Open,Yes,accounts/fireworks/models/qwen3-235b-a22b,,55,83%,70%,12%,62%,40%,39%,82%,,$0.39,$0.22,$0.88,110.7,101.3,105.5,114.5,122.3,0.52,18.59,0.45,0.48,0.56,0.74,23.11,18.07,ModelProviders
,Qwen3 235B (Reasoning) (FP8),41k,Yes,Yes,Open,Yes,Qwen/Qwen3-235B-A22B,,55,83%,70%,12%,62%,40%,39%,82%,,$0.30,$0.20,$0.60,40.3,29.4,36.1,41.9,44.9,0.26,49.91,0.22,0.23,0.32,0.44,62.32,49.65,ModelProviders
,Qwen3 235B (Reasoning) (FP8),41k,No,No,Open,Yes,qwen/qwen3-235b-a22b-fp8,,55,83%,70%,12%,62%,40%,39%,82%,,$0.35,$0.20,$0.80,40.9,30.5,36.6,42.7,45.1,0.48,49.37,0.37,0.44,0.56,1.09,61.59,48.89,ModelProviders
,Qwen3 235B (Reasoning) (FP8),41k,Yes,Yes,Open,Yes,Qwen/Qwen3-235B-A22B-FP8,,55,83%,70%,12%,62%,40%,39%,82%,,$0.40,$0.17,$1.09,70.2,68.2,70.0,70.3,70.4,0.54,29.04,0.43,0.48,0.71,1.11,36.16,28.50,ModelProviders
,Qwen3 235B (Reasoning) (FP8),41k,Yes,Yes,Open,Yes,Qwen/Qwen3-235B-A22B-fp8-tput,,55,83%,70%,12%,62%,40%,39%,82%,,$0.30,$0.20,$0.60,38.8,33.1,34.9,41.1,44.2,0.30,51.80,0.23,0.27,0.33,0.42,64.68,51.50,ModelProviders
,Qwen3 235B (Reasoning),131k,Yes,Yes,Open,Yes,qwen3-235b-a22b,,55,83%,70%,12%,62%,40%,39%,82%,,$2.63,$0.70,$8.40,38.7,35.2,36.7,40.9,42.4,1.27,52.97,1.10,1.14,1.55,2.54,65.90,51.70,ModelProviders
,Qwen3 235B 2507 (Non-reasoning),262k,No,No,Open,Yes,parasail-qwen3-235b-a22b-instruct-2507,,54,83%,75%,11%,52%,36%,46%,72%,,$0.33,$0.15,$0.85,61.9,25.9,43.2,74.0,81.1,0.40,0.40,0.31,0.35,0.42,0.47,8.48,N/A,ModelProviders
,Qwen3 235B 2507 (Non-reasoning),131k,Yes,Yes,Open,Yes,qwen-3-235b-a22b-instruct-2507,,54,83%,75%,11%,52%,36%,46%,72%,,$0.75,$0.60,$1.20,"1,462.9","1,005.2","1,102.2","1,527.5","1,609.8",0.23,0.23,0.18,0.19,0.27,0.38,0.57,N/A,ModelProviders
,Qwen3 235B 2507 (Non-reasoning) (FP8),262k,No,Yes,Open,Yes,accounts/fireworks/models/qwen3-235b-a22b-instruct-2507,,54,83%,75%,11%,52%,36%,46%,72%,,$0.39,$0.22,$0.88,136.8,119.9,128.7,141.4,144.6,0.58,0.58,0.49,0.54,0.69,0.90,4.23,N/A,ModelProviders
,Qwen3 235B 2507 (Non-reasoning),262k,Yes,Yes,Open,Yes,Qwen/Qwen3-235B-A22B-Instruct-2507,,54,83%,75%,11%,52%,36%,46%,72%,,$0.25,$0.13,$0.60,34.1,11.8,21.6,39.6,43.1,0.28,0.28,0.22,0.25,0.44,3.76,14.96,N/A,ModelProviders
,Qwen3 235B 2507 (Non-reasoning),262k,No,No,Open,Yes,qwen/qwen3-235b-a22b-instruct-2507,,54,83%,75%,11%,52%,36%,46%,72%,,$0.31,$0.15,$0.80,77.9,31.8,48.2,83.6,87.9,0.74,0.74,0.40,0.61,0.83,1.08,7.16,N/A,ModelProviders
,Qwen3 235B 2507 (Non-reasoning) (FP8),262k,No,No,Open,Yes,Qwen/Qwen3-235B-A22B-Instruct-2507-tput,,54,83%,75%,11%,52%,36%,46%,72%,,$0.30,$0.20,$0.60,36.5,22.9,30.2,43.0,51.8,0.30,0.30,0.26,0.29,0.37,6.61,14.02,N/A,ModelProviders
,Qwen3 235B 2507 (Non-reasoning),131k,Yes,Yes,Open,Yes,qwen3-235b-a22b-instruct-2507,,54,83%,75%,11%,52%,36%,46%,72%,,$1.23,$0.70,$2.80,46.7,31.6,39.4,52.4,59.3,1.37,1.37,1.13,1.21,1.59,1.83,12.08,N/A,ModelProviders
,GLM-4.5,128k,Yes,Yes,Open,Yes,z-ai/GLM-4.5,,52,84%,78%,12%,74%,35%,44%,40%,,$0.88,$0.50,$2.00,60.7,33.4,46.9,72.2,76.4,1.19,34.12,0.97,1.06,1.56,6.48,42.35,32.93,ModelProviders
,GLM-4.5 (FP8),131k,No,No,Open,Yes,parasail-glm-45,,52,84%,78%,12%,74%,35%,44%,40%,,$0.97,$0.59,$2.10,94.3,53.7,75.8,113.3,118.2,0.44,21.64,0.34,0.41,0.50,4.43,26.94,21.20,ModelProviders
,GLM-4.5,131k,No,No,Open,Yes,zai-org/GLM-4.5,,52,84%,78%,12%,74%,35%,44%,40%,,$0.91,$0.55,$2.00,55.3,29.6,47.6,67.9,76.6,0.41,36.60,0.29,0.35,0.86,2.98,45.65,36.19,ModelProviders
,GLM-4.5,131k,No,No,Open,Yes,zai-org/glm-4.5,,52,84%,78%,12%,74%,35%,44%,40%,,$1.00,$0.60,$2.20,61.2,44.8,55.8,67.2,70.4,0.72,33.39,0.58,0.69,0.78,0.86,41.56,32.67,ModelProviders
,Llama Nemotron Ultra Reasoning Base,131k,Yes,Yes,Open,Yes,nvidia/Llama-3_1-Nemotron-Ultra-253B-v1,,52,83%,73%,8%,64%,35%,38%,64%,,$0.90,$0.60,$1.80,42.2,40.2,41.2,42.9,43.1,0.63,48.02,0.58,0.61,0.67,0.90,59.86,47.39,ModelProviders
,Qwen3 32B (Reasoning) (FP8),41k,Yes,No,Open,Yes,parasail-qwen3-32b,,51,80%,67%,8%,55%,35%,36%,73%,,$0.20,$0.10,$0.50,50.0,40.8,47.6,52.7,53.8,0.44,40.43,0.33,0.36,0.49,0.78,50.43,39.99,ModelProviders
,Qwen3 32B (Reasoning),33k,Yes,Yes,Open,Yes,qwen-3-32b,,51,80%,67%,8%,55%,35%,36%,73%,,$0.50,$0.40,$0.80,"2,433.3","1,395.6","2,210.8","2,588.6","2,833.2",0.19,1.01,0.16,0.18,0.23,0.33,1.22,0.82,ModelProviders
,Qwen3 32B (Reasoning) Base,33k,Yes,Yes,Open,Yes,Qwen/Qwen3-32B,,51,80%,67%,8%,55%,35%,36%,73%,,$0.15,$0.10,$0.30,38.8,26.4,31.8,44.1,46.3,0.59,52.19,0.54,0.56,0.63,0.83,65.09,51.60,ModelProviders
,Qwen3 32B (Reasoning) (FP8),41k,Yes,Yes,Open,Yes,Qwen/Qwen3-32B,,51,80%,67%,8%,55%,35%,36%,73%,,$0.15,$0.10,$0.30,61.5,44.2,55.6,62.7,65.0,0.52,33.06,0.35,0.36,0.56,0.70,41.20,32.55,ModelProviders
,Qwen3 32B (Reasoning) (FP8),41k,No,No,Open,Yes,qwen/qwen3-32b-fp8,,51,80%,67%,8%,55%,35%,36%,73%,,$0.19,$0.10,$0.45,36.8,23.0,30.7,41.9,43.3,1.11,55.43,1.00,1.07,1.15,1.22,69.01,54.32,ModelProviders
,Qwen3 32B (Reasoning) (FP8),33k,Yes,Yes,Open,Yes,Qwen/Qwen3-32B-FP8,,51,80%,67%,8%,55%,35%,36%,73%,,$0.23,$0.10,$0.60,47.8,41.5,47.2,52.1,53.6,0.74,42.57,0.67,0.70,0.86,2.00,53.03,41.83,ModelProviders
,Qwen3 32B (Reasoning),131k,Yes,Yes,Open,Yes,qwen/qwen3-32b,,51,80%,67%,8%,55%,35%,36%,73%,,$0.36,$0.29,$0.59,582.5,399.6,560.1,630.6,665.3,0.16,3.59,0.13,0.14,0.20,0.46,4.45,3.43,ModelProviders
,Qwen3 32B (Reasoning),33k,No,No,Open,Yes,Qwen3-32B,,51,80%,67%,8%,55%,35%,36%,73%,,$0.50,$0.40,$0.80,265.3,263.0,264.3,266.9,334.5,0.45,7.99,0.37,0.41,0.53,0.63,9.88,7.54,ModelProviders
,Qwen3 32B (Reasoning),131k,Yes,Yes,Open,Yes,qwen3-32b,,51,80%,67%,8%,55%,35%,36%,73%,,$2.63,$0.70,$8.40,48.2,27.5,40.6,55.0,65.6,1.23,42.70,1.10,1.16,1.39,1.68,53.06,41.47,ModelProviders
,Solar Pro 2 (Reasoning),66k,Yes,No,Proprietary,Yes,solar-pro2-250710,,49,81%,69%,7%,62%,30%,37%,61%,,$0.50,$0.50,$0.50,120.5,107.1,116.2,123.8,125.2,1.23,17.84,1.13,1.17,1.32,1.88,21.99,16.60,ModelProviders
,Qwen3 30B (Reasoning) (FP8),41k,Yes,No,Open,Yes,parasail-qwen3-30b-a3b,,48,78%,62%,7%,51%,28%,42%,72%,,$0.20,$0.10,$0.50,154.1,69.7,81.8,176.2,180.2,0.38,13.36,0.28,0.34,0.44,0.49,16.61,12.98,ModelProviders
,Qwen3 30B (Reasoning) Fast,33k,Yes,Yes,Open,Yes,Qwen/Qwen3-30B-A3B-fast,,48,78%,62%,7%,51%,28%,42%,72%,,$0.45,$0.30,$0.90,138.3,137.1,137.9,138.9,139.5,0.51,14.96,0.48,0.49,0.52,0.68,18.58,14.46,ModelProviders
,Qwen3 30B (Reasoning) Base,33k,Yes,Yes,Open,Yes,Qwen/Qwen3-30B-A3B,,48,78%,62%,7%,51%,28%,42%,72%,,$0.15,$0.10,$0.30,96.4,43.1,64.1,116.4,129.1,0.54,21.29,0.47,0.48,0.74,1.14,26.48,20.75,ModelProviders
,Qwen3 30B (Reasoning),131k,Yes,Yes,Open,Yes,accounts/fireworks/models/qwen3-30b-a3b,,48,78%,62%,7%,51%,28%,42%,72%,,$0.26,$0.15,$0.60,184.7,137.0,162.1,203.3,210.0,0.35,11.18,0.31,0.33,0.44,0.72,13.89,10.83,ModelProviders
,Qwen3 30B (Reasoning) (FP8),41k,Yes,Yes,Open,Yes,Qwen/Qwen3-30B-A3B,,48,78%,62%,7%,51%,28%,42%,72%,,$0.15,$0.10,$0.30,83.4,34.5,67.8,96.7,109.7,0.45,24.43,0.17,0.25,0.56,0.59,30.43,23.98,ModelProviders
,Qwen3 30B (Reasoning) (FP8),41k,No,No,Open,Yes,qwen/qwen3-30b-a3b-fp8,,48,78%,62%,7%,51%,28%,42%,72%,,$0.19,$0.10,$0.45,151.6,24.9,68.6,179.3,180.2,0.72,13.91,0.40,0.50,0.88,5.62,17.21,13.19,ModelProviders
,Qwen3 30B (Reasoning),131k,Yes,Yes,Open,Yes,qwen3-30b-a3b,,48,78%,62%,7%,51%,28%,42%,72%,,$0.75,$0.20,$2.40,90.8,75.1,84.4,94.4,98.1,1.17,23.18,1.07,1.12,1.26,1.57,28.69,22.02,ModelProviders
,Kimi K2,131k,Yes,Yes,Open,Yes,parasail-kimi-k2-instruct,,48,82%,77%,7%,56%,18%,42%,57%,,$2.13,$1.50,$4.00,29.3,17.3,22.5,35.6,37.1,0.52,0.52,0.41,0.45,0.55,0.63,17.56,N/A,ModelProviders
,Kimi K2,131k,Yes,Yes,Open,Yes,kimi-k2-0711-preview,,48,82%,77%,7%,56%,18%,42%,57%,,$1.07,$0.60,$2.50,12.4,7.3,11.5,13.1,14.3,2.78,2.78,2.47,2.60,3.13,4.97,42.96,N/A,ModelProviders
,Kimi K2,131k,Yes,Yes,Open,Yes,accounts/fireworks/models/kimi-k2-instruct,,48,82%,77%,7%,56%,18%,42%,57%,,$1.07,$0.60,$2.50,161.0,141.5,150.3,168.3,170.4,0.51,0.51,0.44,0.46,0.57,0.62,3.61,N/A,ModelProviders
,Kimi K2,131k,Yes,Yes,Open,Yes,moonshotai/Kimi-K2-Instruct,,48,82%,77%,7%,56%,18%,42%,57%,,$0.88,$0.50,$2.00,49.1,15.6,26.6,54.0,60.3,0.27,0.27,0.22,0.23,0.31,0.96,10.45,N/A,ModelProviders
,Kimi K2,131k,Yes,Yes,Open,Yes,moonshotai/kimi-k2-instruct,,48,82%,77%,7%,56%,18%,42%,57%,,$1.00,$0.57,$2.30,48.1,13.9,45.9,49.7,58.7,1.45,1.45,0.52,1.34,1.70,3.06,11.84,N/A,ModelProviders
,Kimi K2,131k,Yes,Yes,Open,Yes,moonshotai/Kimi-K2-Instruct,,48,82%,77%,7%,56%,18%,42%,57%,,$1.50,$1.00,$3.00,32.3,18.7,30.1,33.0,34.0,0.54,0.54,0.47,0.52,0.58,0.85,16.00,N/A,ModelProviders
,Kimi K2,131k,Yes,Yes,Open,Yes,moonshotai/kimi-k2-instruct,,48,82%,77%,7%,56%,18%,42%,57%,,$1.50,$1.00,$3.00,470.8,441.8,449.6,492.8,532.3,0.21,0.21,0.18,0.20,0.26,0.37,1.27,N/A,ModelProviders
,Kimi K2,131k,Yes,Yes,Open,Yes,moonshotai/Kimi-K2-Instruct,,48,82%,77%,7%,56%,18%,42%,57%,,$1.50,$1.00,$3.00,3.4,3.1,3.3,29.8,41.6,0.74,0.74,0.45,0.53,0.92,82.84,146.20,N/A,ModelProviders
,Kimi K2,131k,Yes,Yes,Open,Yes,moonshotai/Kimi-K2-Instruct,,48,82%,77%,7%,56%,18%,42%,57%,,$1.07,$0.60,$2.50,85.2,71.9,79.7,89.2,92.8,0.36,0.36,0.14,0.16,0.58,0.67,6.23,N/A,ModelProviders
,Claude 4 Opus,200k,Yes,No,Proprietary,No,us.anthropic.claude-opus-4-20250514-v1:0,,48,86%,70%,6%,54%,41%,43%,36%,,$30.00,$15.00,$75.00,25.9,21.8,24.6,26.4,27.3,2.87,2.87,2.62,2.72,3.15,3.42,22.16,N/A,ModelProviders
,Claude 4 Opus Vertex,200k,Yes,Yes,Proprietary,Yes,claude-opus-4,,48,86%,70%,6%,54%,41%,43%,36%,,$30.00,$15.00,$75.00,54.2,46.7,49.8,58.9,65.3,1.79,1.79,1.45,1.63,1.85,2.38,11.02,N/A,ModelProviders
,Claude 4 Opus,200k,Yes,Yes,Proprietary,Yes,claude-opus-4-20250514,,48,86%,70%,6%,54%,41%,43%,36%,,$30.00,$15.00,$75.00,55.3,44.5,48.9,65.2,71.8,1.82,1.82,1.45,1.59,2.30,6.96,10.86,N/A,ModelProviders
,Gemini 2.5 Flash (AI_Studio),1m,Yes,Yes,Proprietary,Yes,gemini-2.5-flash,,47,81%,68%,5%,50%,29%,39%,60%,,$0.85,$0.30,$2.50,256.2,240.1,248.8,269.6,287.5,0.29,0.29,0.21,0.23,0.33,0.39,2.24,N/A,ModelProviders
,Gemini 2.5 Flash (Vertex),1m,Yes,Yes,Proprietary,Yes,google/gemini-2.5-flash,,47,81%,68%,5%,50%,29%,39%,60%,,$0.85,$0.30,$2.50,217.4,193.9,208.1,223.3,242.5,0.32,0.32,0.29,0.30,0.34,0.47,2.62,N/A,ModelProviders
,Claude 4 Sonnet,200k,Yes,No,Proprietary,No,us.anthropic.claude-sonnet-4-20250514-v1:0,,46,84%,68%,4%,45%,37%,45%,38%,,$6.00,$3.00,$15.00,103.7,84.0,89.4,108.2,109.7,1.07,1.07,0.87,0.93,1.23,1.94,5.89,N/A,ModelProviders
,Claude 4 Sonnet Vertex,200k,Yes,Yes,Proprietary,Yes,claude-sonnet-4,,46,84%,68%,4%,45%,37%,45%,38%,,$6.00,$3.00,$15.00,76.3,61.5,68.2,79.1,80.7,1.31,1.31,1.18,1.24,1.51,1.73,7.87,N/A,ModelProviders
,Claude 4 Sonnet,200k,Yes,Yes,Proprietary,Yes,claude-sonnet-4-20250514,,46,84%,68%,4%,45%,37%,45%,38%,,$6.00,$3.00,$15.00,91.1,73.3,79.0,96.4,99.4,1.14,1.14,1.07,1.10,1.23,1.37,6.63,N/A,ModelProviders
,Qwen3 Coder 480B (FP8),262k,No,No,Open,Yes,parasail-qwen3-coder-480b-a35b-instruct,,46,79%,62%,4%,59%,36%,41%,39%,,$1.63,$1.50,$2.00,70.3,40.4,55.5,76.6,79.1,0.41,0.41,0.30,0.35,0.44,0.57,7.52,N/A,ModelProviders
,Qwen3 Coder 480B,131k,Yes,Yes,Open,Yes,qwen-3-coder-480b,,46,79%,62%,4%,59%,36%,41%,39%,,$2.00,$2.00,$2.00,"1,457.1",756.8,"1,240.8","1,696.6","1,980.7",0.23,0.23,0.21,0.22,0.43,1.95,0.58,N/A,ModelProviders
,Qwen3 Coder 480B (FP8),262k,No,No,Open,Yes,Qwen/Qwen3-Coder-480B-A35B-Instruct,,46,79%,62%,4%,59%,36%,41%,39%,,$2.00,$2.00,$2.00,25.7,12.7,18.1,43.7,65.0,1.96,1.96,1.23,1.63,2.69,7.97,21.41,N/A,ModelProviders
,Qwen3 Coder 480B,262k,No,Yes,Open,Yes,accounts/fireworks/models/qwen3-coder-480b-a35b-instruct,,46,79%,62%,4%,59%,36%,41%,39%,,$0.79,$0.45,$1.80,137.5,121.8,131.8,140.0,142.7,0.48,0.48,0.40,0.43,0.52,0.59,4.11,N/A,ModelProviders
,Qwen3 Coder 480B (FP8),262k,Yes,No,Open,Yes,Qwen/Qwen3-Coder-480B-A35B-Instruct,,46,79%,62%,4%,59%,36%,41%,39%,,$0.70,$0.40,$1.60,65.3,4.8,30.3,127.6,369.7,6.90,6.90,0.28,0.33,658.71,"1,876.95",14.55,N/A,ModelProviders
,"Qwen3 Coder 480B (Turbo, FP4)",262k,Yes,No,Open,Yes,Qwen/Qwen3-Coder-480B-A35B-Instruct-Turbo,,46,79%,62%,4%,59%,36%,41%,39%,,$0.53,$0.30,$1.20,60.1,23.9,50.0,68.4,75.8,0.23,0.23,0.18,0.20,0.68,11.60,8.54,N/A,ModelProviders
,Qwen3 Coder 480B,262k,Yes,Yes,Open,Yes,qwen/qwen3-coder-480b-a35b-instruct,,46,79%,62%,4%,59%,36%,41%,39%,,$1.10,$0.64,$2.50,45.2,24.8,39.2,53.8,59.4,0.94,0.94,0.52,0.73,1.23,15.00,12.00,N/A,ModelProviders
,Qwen3 Coder 480B (FP8),33k,No,No,Open,Yes,Qwen/Qwen3-Coder-480B-A35B-Instruct-FP8,,46,79%,62%,4%,59%,36%,41%,39%,,$1.25,$1.00,$2.00,84.3,45.7,61.6,89.7,90.4,0.37,0.37,0.31,0.34,0.47,1.54,6.30,N/A,ModelProviders
,Qwen3 Coder 480B (FP8),262k,No,No,Open,Yes,Qwen/Qwen3-Coder-480B-A35B-Instruct-FP8,,46,79%,62%,4%,59%,36%,41%,39%,,$2.00,$2.00,$2.00,57.5,25.4,46.4,66.2,74.7,0.39,0.39,0.34,0.35,0.50,3.79,9.09,N/A,ModelProviders
,Qwen3 Coder 480B,262k,Yes,Yes,Open,Yes,qwen3-coder-480b-a35b-instruct,,46,79%,62%,4%,59%,36%,41%,39%,,$3.00,$1.50,$7.50,48.8,39.0,43.4,58.9,61.8,1.80,1.80,1.60,1.74,1.97,2.18,12.04,N/A,ModelProviders
,GPT-4.1,1m,Yes,Yes,Proprietary,Yes,gpt-4.1-2025-04-14,,45,81%,67%,5%,46%,38%,43%,35%,,$3.50,$2.00,$8.00,132.5,74.3,103.1,154.0,194.3,0.45,0.45,0.34,0.38,0.49,0.54,4.23,N/A,ModelProviders
,GPT-4.1,1m,Yes,Yes,Proprietary,Yes,gpt-4.1,,45,81%,67%,5%,46%,38%,43%,35%,,$3.50,$2.00,$8.00,176.6,128.1,142.7,189.6,223.2,0.80,0.80,0.62,0.72,0.96,1.24,3.63,N/A,ModelProviders
,DeepSeek V3 0324 (Mar '25),164k,Yes,No,Open,Yes,deepseek-v3-0324,,44,82%,66%,5%,41%,36%,41%,41%,,$0.47,$0.34,$0.88,39.8,27.7,35.8,42.3,48.5,0.54,0.54,0.51,0.53,0.58,0.83,13.09,N/A,ModelProviders
,DeepSeek V3 0324 (Mar '25),64k,Yes,Yes,Open,Yes,deepseek-chat,,44,82%,66%,5%,41%,36%,41%,41%,,$0.48,$0.27,$1.10,26.8,20.8,23.1,30.3,33.2,3.14,3.14,2.36,2.81,3.43,4.27,21.78,N/A,ModelProviders
,DeepSeek V3 0324 (Mar '25),128k,No,No,Open,Yes,deepseek-ai/deepseek-v3,,44,82%,66%,5%,41%,36%,41%,41%,,$1.45,$1.45,$1.45,102.6,72.9,89.4,124.9,139.6,0.59,0.59,0.53,0.56,0.95,2.70,5.47,N/A,ModelProviders
,DeepSeek V3 0324 (Mar '25),164k,No,No,Open,Yes,deepseek-ai/DeepSeek-V3-0324,,44,82%,66%,5%,41%,36%,41%,41%,,$1.25,$1.25,$1.25,44.3,35.7,42.2,50.2,121.6,1.85,1.85,0.92,1.33,2.29,2.85,13.14,N/A,ModelProviders
,DeepSeek V3 0324 (Mar '25) Fast,128k,Yes,Yes,Open,Yes,deepseek-ai/DeepSeek-V3-0324-fast,,44,82%,66%,5%,41%,36%,41%,41%,,$3.00,$2.00,$6.00,95.2,68.0,93.1,96.4,98.3,0.64,0.64,0.59,0.61,0.66,1.16,5.89,N/A,ModelProviders
,DeepSeek V3 0324 (Mar '25),128k,Yes,Yes,Open,Yes,deepseek-ai/DeepSeek-V3-0324,,44,82%,66%,5%,41%,36%,41%,41%,,$0.75,$0.50,$1.50,28.5,18.3,26.4,30.3,32.3,0.62,0.62,0.58,0.60,0.68,0.81,18.13,N/A,ModelProviders
,DeepSeek V3 0324 (Mar '25),128k,Yes,Yes,Open,Yes,DeepSeek-V3-0324,,44,82%,66%,5%,41%,36%,41%,41%,,$2.00,$1.14,$4.56,112.5,63.9,106.0,119.3,138.8,0.83,0.83,0.67,0.75,0.97,1.44,5.27,N/A,ModelProviders
,DeepSeek V3 0324 (Mar '25),164k,Yes,Yes,Open,Yes,accounts/fireworks/models/deepseek-v3-0324,,44,82%,66%,5%,41%,36%,41%,41%,,$0.90,$0.90,$0.90,274.5,118.8,262.0,279.7,288.9,0.47,0.47,0.39,0.44,0.54,0.82,2.29,N/A,ModelProviders
,DeepSeek V3 0324 (Mar '25),164k,Yes,No,Open,Yes,deepseek-ai/DeepSeek-V3-0324,,44,82%,66%,5%,41%,36%,41%,41%,,$0.43,$0.28,$0.88,18.5,14.0,16.7,24.6,39.2,0.32,0.32,0.26,0.29,0.52,1.57,27.29,N/A,ModelProviders
,DeepSeek V3 0324 (Mar '25),164k,Yes,No,Open,Yes,deepseek/deepseek-v3-0324,,44,82%,66%,5%,41%,36%,41%,41%,,$0.49,$0.28,$1.14,32.1,29.3,30.9,32.8,33.7,1.49,1.49,0.87,1.14,1.73,3.93,17.08,N/A,ModelProviders
,DeepSeek V3 0324 (Mar '25),131k,Yes,Yes,Open,Yes,deepseek-ai/DeepSeek-V3-0324,,44,82%,66%,5%,41%,36%,41%,41%,,$0.78,$0.74,$0.90,197.4,103.5,151.6,201.7,206.8,1.27,1.27,0.71,0.91,4.39,30.49,3.80,N/A,ModelProviders
,DeepSeek V3 0324 (Mar '25),33k,Yes,No,Open,Yes,DeepSeek-V3-0324,,44,82%,66%,5%,41%,36%,41%,41%,,$3.38,$3.00,$4.50,167.3,162.0,164.9,168.8,171.8,1.77,1.77,0.99,1.40,1.80,1.89,4.75,N/A,ModelProviders
,DeepSeek V3 0324 (Mar '25),131k,Yes,Yes,Open,Yes,deepseek-ai/DeepSeek-V3,,44,82%,66%,5%,41%,36%,41%,41%,,$1.25,$1.25,$1.25,123.3,67.9,103.4,141.8,158.3,0.49,0.49,0.36,0.45,0.55,1.86,4.54,N/A,ModelProviders
,Magistral Medium,41k,Yes,Yes,Proprietary,No,magistral-medium-2506,,43,75%,68%,10%,53%,30%,25%,40%,,$2.75,$2.00,$5.00,128.3,101.0,121.2,132.6,141.7,0.40,15.99,0.38,0.39,0.43,0.45,19.88,15.59,ModelProviders
,Llama 4 Maverick (FP8),1m,Yes,No,Open,Yes,llama-4-maverick-17b-128e-instruct-fp8,,41,81%,67%,5%,40%,33%,43%,19%,,$0.28,$0.18,$0.60,154.2,140.2,147.6,160.1,162.4,0.22,0.22,0.17,0.18,0.23,0.31,3.46,N/A,ModelProviders
,Llama 4 Maverick (FP8),1m,Yes,No,Open,Yes,parasail-llama-4-maverick-instruct-fp8,,41,81%,67%,5%,40%,33%,43%,19%,,$0.35,$0.19,$0.85,149.5,113.8,128.9,167.1,174.7,0.36,0.36,0.25,0.33,0.42,0.51,3.71,N/A,ModelProviders
,Llama 4 Maverick,32k,Yes,Yes,Open,Yes,llama-4-maverick-17b-128e-instruct,,41,81%,67%,5%,40%,33%,43%,19%,,$0.30,$0.20,$0.60,"2,635.8","1,489.4","1,658.2","3,084.6","3,313.6",0.21,0.21,0.18,0.20,0.22,0.33,0.40,N/A,ModelProviders
,Llama 4 Maverick,128k,Yes,No,Open,No,us.meta.llama4-maverick-17b-instruct-v1:0,,41,81%,67%,5%,40%,33%,43%,19%,,$0.42,$0.24,$0.97,316.6,293.1,305.2,352.8,402.2,0.60,0.60,0.31,0.50,0.64,0.65,2.18,N/A,ModelProviders
,Llama 4 Maverick Vertex,524k,Yes,Yes,Open,Yes,meta/llama-4-maverick-17b-128e-instruct-maas,,41,81%,67%,5%,40%,33%,43%,19%,,$0.55,$0.35,$1.15,125.9,114.3,123.0,127.4,131.6,0.29,0.29,0.26,0.28,0.30,0.32,4.26,N/A,ModelProviders
,Llama 4 Maverick (FP8),128k,No,No,Open,Yes,llama4-maverick-fp8,,41,81%,67%,5%,40%,33%,43%,19%,,$0.61,$0.35,$1.41,191.7,175.4,185.1,195.5,201.8,0.33,0.33,0.25,0.32,0.34,0.36,2.94,N/A,ModelProviders
,Llama 4 Maverick (Base),1m,Yes,Yes,Open,Yes,accounts/fireworks/models/llama4-maverick-instruct-basic,,41,81%,67%,5%,40%,33%,43%,19%,,$0.39,$0.22,$0.88,173.1,166.3,170.2,175.1,176.6,0.47,0.47,0.40,0.44,0.60,0.70,3.36,N/A,ModelProviders
,Llama 4 Maverick (FP8),1m,No,No,Open,Yes,meta-llama/Llama-4-Maverick-17B-128E-Instruct-FP8,,41,81%,67%,5%,40%,33%,43%,19%,,$0.26,$0.15,$0.60,81.4,31.5,68.7,92.5,115.1,0.26,0.26,0.20,0.22,0.36,1.36,6.40,N/A,ModelProviders
,"Llama 4 Maverick (Turbo, FP8)",8k,No,No,Open,Yes,meta-llama/Llama-4-Maverick-17B-128E-Instruct-Turbo,,41,81%,67%,5%,40%,33%,43%,19%,,$0.50,$0.50,$0.50,958.4,363.4,906.7,986.8,"1,053.1",0.22,0.22,0.16,0.19,0.24,0.43,0.74,N/A,ModelProviders
,Llama 4 Maverick (FP8),1m,Yes,No,Open,Yes,meta-llama/llama-4-maverick-17b-128e-instruct-fp8,,41,81%,67%,5%,40%,33%,43%,19%,,$0.34,$0.17,$0.85,140.5,60.2,90.6,155.4,165.7,0.43,0.43,0.33,0.39,0.50,0.64,3.99,N/A,ModelProviders
,Llama 4 Maverick (FP8),1m,Yes,Yes,Open,Yes,meta-llama/Llama-4-Maverick-17B-128E-Instruct-FP8,,41,81%,67%,5%,40%,33%,43%,19%,,$0.39,$0.25,$0.80,186.3,169.0,172.9,197.5,208.1,0.36,0.36,0.32,0.33,0.44,0.51,3.05,N/A,ModelProviders
,Llama 4 Maverick,131k,Yes,Yes,Open,Yes,meta-llama/llama-4-maverick-17b-128e-instruct,,41,81%,67%,5%,40%,33%,43%,19%,,$0.30,$0.20,$0.60,566.8,533.2,551.1,608.9,756.9,0.10,0.10,0.09,0.09,0.14,0.19,0.98,N/A,ModelProviders
,Llama 4 Maverick,131k,Yes,Yes,Open,Yes,Llama-4-Maverick-17B-128E-Instruct,,41,81%,67%,5%,40%,33%,43%,19%,,$0.92,$0.63,$1.80,803.0,761.5,785.0,815.5,828.8,0.36,0.36,0.35,0.36,0.39,0.50,0.98,N/A,ModelProviders
,Llama 4 Maverick,1m,Yes,Yes,Open,Yes,meta-llama/Llama-4-Maverick-17B-128E-Instruct-FP8,,41,81%,67%,5%,40%,33%,43%,19%,,$0.41,$0.27,$0.85,121.4,81.9,112.0,127.8,131.8,0.20,0.20,0.18,0.19,0.23,0.36,4.32,N/A,ModelProviders
,Magistral Small,40k,Yes,Yes,Open,No,magistral-small-2506,,41,75%,64%,7%,51%,24%,25%,41%,,$0.75,$0.50,$1.50,206.9,161.8,190.5,208.8,218.2,0.32,9.99,0.30,0.30,0.33,0.54,12.40,9.67,ModelProviders
,Mistral Medium 3,131k,Yes,Yes,Proprietary,No,mistral-medium-2505,,40,76%,58%,4%,40%,33%,39%,30%,,$0.80,$0.40,$2.00,95.6,76.5,85.0,103.2,116.1,0.38,0.38,0.35,0.37,0.41,0.92,5.61,N/A,ModelProviders
,Mistral Medium 3,128k,Yes,Yes,Proprietary,Yes,mistral-medium-2505,,40,76%,58%,4%,40%,33%,39%,30%,,$0.80,$0.40,$2.00,56.5,54.4,55.4,57.9,59.5,0.45,0.45,0.33,0.38,0.81,0.90,9.31,N/A,ModelProviders
,Gemini 2.0 Flash Vertex,1m,Yes,Yes,Proprietary,Yes,google/gemini-2.0-flash-001,,39,78%,62%,5%,33%,33%,40%,22%,,$0.26,$0.15,$0.60,204.8,181.0,196.4,220.4,237.0,0.33,0.33,0.26,0.30,0.35,0.38,2.77,N/A,ModelProviders
,Gemini 2.0 Flash (AI Studio),1m,Yes,Yes,Proprietary,Yes,gemini-2.0-flash-001,,39,78%,62%,5%,33%,33%,40%,22%,,$0.17,$0.10,$0.40,221.2,186.9,199.8,232.5,242.6,0.35,0.35,0.24,0.27,0.39,0.51,2.61,N/A,ModelProviders
,Qwen3 235B (FP8),41k,Yes,No,Open,Yes,parasail-qwen3-235b-a22b,,38,76%,61%,5%,34%,30%,37%,24%,,$0.35,$0.18,$0.85,67.2,35.5,54.4,74.1,82.1,0.47,0.47,0.36,0.44,0.50,0.66,7.90,N/A,ModelProviders
,Qwen3 235B Base,33k,Yes,Yes,Open,Yes,Qwen/Qwen3-235B-A22B,,38,76%,61%,5%,34%,30%,37%,24%,,$0.30,$0.20,$0.60,42.8,24.8,30.4,46.7,53.6,0.58,0.58,0.53,0.55,0.65,1.01,12.26,N/A,ModelProviders
,Qwen3 235B,128k,Yes,Yes,Open,Yes,accounts/fireworks/models/qwen3-235b-a22b,,38,76%,61%,5%,34%,30%,37%,24%,,$0.39,$0.22,$0.88,112.8,88.5,100.3,119.3,130.1,0.55,0.55,0.43,0.50,0.60,0.67,4.98,N/A,ModelProviders
,Qwen3 235B (FP8),41k,No,No,Open,Yes,qwen/qwen3-235b-a22b-fp8,,38,76%,61%,5%,34%,30%,37%,24%,,$0.35,$0.20,$0.80,36.4,25.6,31.9,38.8,41.6,1.19,1.19,0.77,0.87,1.34,1.94,14.93,N/A,ModelProviders
,Qwen3 235B (FP8),33k,Yes,Yes,Open,Yes,Qwen/Qwen3-235B-A22B-FP8,,38,76%,61%,5%,34%,30%,37%,24%,,$0.40,$0.17,$1.09,70.9,69.0,70.6,71.2,71.8,0.63,0.63,0.46,0.54,0.72,1.20,7.68,N/A,ModelProviders
,Qwen3 235B (FP8),41k,Yes,Yes,Open,Yes,Qwen/Qwen3-235B-A22B-fp8-tput,,38,76%,61%,5%,34%,30%,37%,24%,,$0.30,$0.20,$0.60,32.0,26.4,30.4,34.4,39.1,0.31,0.31,0.25,0.26,0.36,0.42,15.91,N/A,ModelProviders
,Qwen3 235B,131k,Yes,Yes,Open,Yes,qwen3-235b-a22b,,38,76%,61%,5%,34%,30%,37%,24%,,$1.23,$0.70,$2.80,40.7,34.2,37.1,41.6,44.1,1.23,1.23,1.03,1.12,1.41,1.69,13.53,N/A,ModelProviders
,Solar Pro 2,66k,Yes,No,Proprietary,Yes,solar-pro2-250710,,38,75%,56%,4%,42%,25%,34%,30%,,$0.50,$0.50,$0.50,128.2,112.8,121.5,131.8,137.8,1.29,1.29,1.13,1.21,1.37,2.04,5.19,N/A,ModelProviders
,Nova Premier,1m,Yes,No,Proprietary,No,us.amazon.nova-premier-v1:0,,35,73%,57%,5%,32%,28%,36%,17%,,$5.00,$2.50,$12.50,92.0,82.9,84.6,95.8,102.7,0.86,0.86,0.76,0.79,0.88,0.92,6.30,N/A,ModelProviders
,Qwen3 30B,131k,Yes,Yes,Open,Yes,qwen3-30b-a3b,,34,71%,52%,5%,32%,26%,32%,22%,,$0.35,$0.20,$0.80,91.9,78.5,86.7,94.5,99.4,1.25,1.25,1.04,1.10,1.43,2.92,6.70,N/A,ModelProviders
,Llama 4 Scout,1m,Yes,No,Open,Yes,llama-4-scout-17b-16e-instruct,,34,75%,59%,4%,30%,17%,40%,14%,,$0.14,$0.08,$0.30,122.3,113.9,119.3,124.4,131.4,0.25,0.25,0.19,0.20,0.27,0.31,4.34,N/A,ModelProviders
,Llama 4 Scout (FP8),158k,Yes,No,Open,Yes,parasail-llama-4-scout-instruct,,34,75%,59%,4%,30%,17%,40%,14%,,$0.19,$0.09,$0.48,125.2,104.4,114.6,129.7,131.4,0.36,0.36,0.26,0.34,0.42,0.43,4.36,N/A,ModelProviders
,Llama 4 Scout,32k,Yes,Yes,Open,Yes,llama-4-scout-17b-16e-instruct,,34,75%,59%,4%,30%,17%,40%,14%,,$0.70,$0.65,$0.85,"2,820.8","1,625.1","2,107.4","3,046.2","3,256.1",0.19,0.19,0.16,0.17,0.24,0.31,0.36,N/A,ModelProviders
,Llama 4 Scout,128k,Yes,No,Open,No,us.meta.llama4-scout-17b-instruct-v1:0,,34,75%,59%,4%,30%,17%,40%,14%,,$0.29,$0.17,$0.66,167.6,155.9,166.2,169.9,174.7,0.60,0.60,0.34,0.49,0.63,0.67,3.58,N/A,ModelProviders
,Llama 4 Scout Vertex,1m,Yes,Yes,Open,Yes,meta/llama-4-scout-17b-16e-instruct-maas,,34,75%,59%,4%,30%,17%,40%,14%,,$0.36,$0.25,$0.70,133.9,121.4,130.7,135.3,137.7,0.31,0.31,0.28,0.30,0.32,0.42,4.04,N/A,ModelProviders
,Llama 4 Scout,128k,Yes,No,Open,Yes,llama4-scout,,34,75%,59%,4%,30%,17%,40%,14%,,$0.34,$0.20,$0.78,104.7,76.4,81.9,149.1,163.2,0.32,0.32,0.29,0.30,0.34,0.39,5.10,N/A,ModelProviders
,Llama 4 Scout (Base),10m,Yes,Yes,Open,Yes,accounts/fireworks/models/llama4-scout-instruct-basic,,34,75%,59%,4%,30%,17%,40%,14%,,$0.26,$0.15,$0.60,167.0,152.7,164.5,170.3,172.8,0.54,0.54,0.42,0.47,0.64,0.75,3.54,N/A,ModelProviders
,Llama 4 Scout,328k,Yes,No,Open,Yes,meta-llama/Llama-4-Scout-17B-16E-Instruct,,34,75%,59%,4%,30%,17%,40%,14%,,$0.14,$0.08,$0.30,84.3,61.6,74.7,90.0,93.0,0.27,0.27,0.22,0.25,0.30,0.58,6.20,N/A,ModelProviders
,Llama 4 Scout,131k,Yes,No,Open,Yes,meta-llama/llama-4-scout-17b-16e-instruct,,34,75%,59%,4%,30%,17%,40%,14%,,$0.20,$0.10,$0.50,73.2,29.9,57.9,79.3,93.4,0.84,0.84,0.71,0.77,1.15,1.77,7.67,N/A,ModelProviders
,Llama 4 Scout,1m,No,Yes,Open,Yes,meta-llama/Llama-4-Scout-17B-16E-Instruct,,34,75%,59%,4%,30%,17%,40%,14%,,$0.18,$0.08,$0.50,147.3,93.7,137.8,153.4,159.0,0.41,0.41,0.32,0.36,0.48,0.56,3.81,N/A,ModelProviders
,Llama 4 Scout,131k,Yes,Yes,Open,Yes,meta-llama/llama-4-scout-17b-16e-instruct,,34,75%,59%,4%,30%,17%,40%,14%,,$0.17,$0.11,$0.34,520.8,478.7,513.0,534.5,537.7,0.14,0.14,0.10,0.11,0.18,0.33,1.10,N/A,ModelProviders
,Llama 4 Scout,1m,Yes,Yes,Open,Yes,meta-llama/Llama-4-Scout-17B-16E-Instruct,,34,75%,59%,4%,30%,17%,40%,14%,,$0.28,$0.18,$0.59,115.6,31.6,99.6,122.7,126.4,0.26,0.26,0.18,0.20,0.30,0.51,4.58,N/A,ModelProviders
,Qwen3 32B (FP8),41k,Yes,No,Open,Yes,parasail-qwen3-32b,,34,73%,54%,4%,29%,28%,32%,20%,,$0.20,$0.10,$0.50,49.2,36.9,45.6,52.6,53.9,0.45,0.45,0.33,0.40,0.47,0.54,10.62,N/A,ModelProviders
,Qwen3 32B,33k,Yes,Yes,Open,Yes,qwen-3-32b,,34,73%,54%,4%,29%,28%,32%,20%,,$0.50,$0.40,$0.80,"2,286.5","1,150.2","1,720.9","2,504.7","2,635.2",0.20,0.20,0.16,0.17,0.24,0.33,0.42,N/A,ModelProviders
,Qwen3 32B Base,33k,Yes,Yes,Open,Yes,Qwen/Qwen3-32B,,34,73%,54%,4%,29%,28%,32%,20%,,$0.15,$0.10,$0.30,42.3,22.7,27.5,45.4,46.7,0.59,0.59,0.55,0.57,0.62,0.76,12.42,N/A,ModelProviders
,Qwen3 32B Fast,33k,Yes,Yes,Open,Yes,Qwen/Qwen3-32B-fast,,34,73%,54%,4%,29%,28%,32%,20%,,$0.30,$0.20,$0.60,212.3,181.9,197.9,224.8,234.9,0.51,0.51,0.47,0.49,0.54,0.80,2.87,N/A,ModelProviders
,Qwen3 32B (FP8),41k,No,No,Open,Yes,qwen/qwen3-32b-fp8,,34,73%,54%,4%,29%,28%,32%,20%,,$0.19,$0.10,$0.45,37.3,25.7,32.5,43.1,45.8,1.05,1.05,0.98,1.01,1.13,1.33,14.47,N/A,ModelProviders
,Qwen3 32B (FP8),33k,Yes,Yes,Open,Yes,Qwen/Qwen3-32B-FP8,,34,73%,54%,4%,29%,28%,32%,20%,,$0.23,$0.10,$0.60,49.7,44.8,47.1,52.3,53.8,0.80,0.80,0.73,0.75,1.46,2.84,10.86,N/A,ModelProviders
,Qwen3 32B,131k,Yes,Yes,Open,Yes,qwen/qwen3-32b,,34,73%,54%,4%,29%,28%,32%,20%,,$0.36,$0.29,$0.59,603.1,425.8,548.2,632.9,670.3,0.15,0.15,0.13,0.14,0.16,0.24,0.98,N/A,ModelProviders
,Qwen3 32B,33k,No,No,Open,Yes,Qwen3-32B,,34,73%,54%,4%,29%,28%,32%,20%,,$0.50,$0.40,$0.80,344.7,341.1,343.8,347.3,348.9,0.36,0.36,0.31,0.31,0.48,0.62,1.81,N/A,ModelProviders
,Qwen3 32B,131k,Yes,Yes,Open,Yes,qwen3-32b,,34,73%,54%,4%,29%,28%,32%,20%,,$1.23,$0.70,$2.80,48.1,28.1,44.3,56.8,65.8,1.18,1.18,1.08,1.14,1.46,1.83,11.58,N/A,ModelProviders
,Mistral Small 3.2,131k,Yes,Yes,Open,No,mistral-small-2506,,34,68%,51%,4%,28%,26%,34%,27%,,$0.15,$0.10,$0.30,191.8,117.0,157.8,206.0,248.4,0.29,0.29,0.27,0.28,0.32,0.46,2.90,N/A,ModelProviders
,Mistral Small 3.2 (FP8),128k,Yes,No,Open,Yes,mistralai/Mistral-Small-3.2-24B-Instruct-2506,,34,68%,51%,4%,28%,26%,34%,27%,,$0.06,$0.05,$0.10,36.4,24.8,30.9,45.1,64.1,0.54,0.54,0.18,0.24,0.67,1.46,14.28,N/A,ModelProviders
,GPT-4o (Nov '24),128k,Yes,Yes,Proprietary,Yes,gpt-4o-2024-11-20,,34,75%,54%,3%,31%,33%,34%,6%,1361,$4.38,$2.50,$10.00,104.6,41.9,69.6,124.9,230.9,0.52,0.52,0.42,0.44,0.63,0.89,5.30,N/A,ModelProviders
,GPT-4o (Nov '24),128k,Yes,Yes,Proprietary,Yes,gpt-4o-1120,,34,75%,54%,3%,31%,33%,34%,6%,1361,$4.38,$2.50,$10.00,136.0,94.9,114.7,151.9,172.8,0.98,0.98,0.71,0.87,1.12,1.62,4.65,N/A,ModelProviders
,Command A,256k,Yes,Yes,Open,No,command-a-03-2025,,34,71%,53%,5%,29%,28%,37%,13%,,$4.38,$2.50,$10.00,109.0,23.6,47.7,143.7,202.2,0.24,0.24,0.19,0.20,0.38,4.91,4.83,N/A,ModelProviders
,Llama 3.3 70B (FP8),128k,Yes,No,Open,Yes,llama3.3-70b-instruct-fp8,,34,71%,50%,4%,29%,26%,47%,8%,,$0.17,$0.12,$0.30,55.0,49.0,53.8,56.6,58.4,0.26,0.26,0.24,0.25,0.29,0.35,9.35,N/A,ModelProviders
,Llama 3.3 70B (FP8),131k,Yes,No,Open,Yes,parasail-llama-33-70b-fp8,,34,71%,50%,4%,29%,26%,47%,8%,,$0.28,$0.28,$0.28,103.9,83.9,95.9,112.1,118.3,0.48,0.48,0.39,0.43,0.54,0.57,5.29,N/A,ModelProviders
,Llama 3.3 70B,128k,Yes,Yes,Open,Yes,llama-3.3-70b,,34,71%,50%,4%,29%,26%,47%,8%,,$0.94,$0.85,$1.20,"2,124.9","1,446.7","1,795.9","2,495.0","2,617.9",0.22,0.22,0.19,0.20,0.26,0.79,0.45,N/A,ModelProviders
,Llama 3.3 70B,131k,No,No,Open,Yes,meta-llama/Llama-3.3-70B-Instruct,,34,71%,50%,4%,29%,26%,47%,8%,,$0.40,$0.40,$0.40,34.3,30.3,32.6,173.0,"1,426.9",0.99,0.99,0.65,0.72,1.09,1.30,15.58,N/A,ModelProviders
,Llama 3.3 70B,128k,Yes,No,Open,No,us.meta.llama3-3-70b-instruct-v1:0,,34,71%,50%,4%,29%,26%,47%,8%,,$0.71,$0.71,$0.71,250.4,206.9,241.2,267.9,284.9,0.54,0.54,0.48,0.53,0.56,0.57,2.54,N/A,ModelProviders
,Llama 3.3 70B Fast,128k,Yes,Yes,Open,Yes,meta-llama/Llama-3.3-70B-Instruct-fast,,34,71%,50%,4%,29%,26%,47%,8%,,$0.38,$0.25,$0.75,245.0,227.5,242.7,248.5,250.0,0.51,0.51,0.49,0.50,0.54,0.61,2.55,N/A,ModelProviders
,Llama 3.3 70B Base,128k,Yes,Yes,Open,Yes,meta-llama/Llama-3.3-70B-Instruct,,34,71%,50%,4%,29%,26%,47%,8%,,$0.20,$0.13,$0.40,37.3,34.0,35.9,38.9,39.4,0.63,0.63,0.60,0.61,0.65,0.72,14.05,N/A,ModelProviders
,Llama 3.3 70B Vertex,128k,Yes,Yes,Open,Yes,meta/llama-3.3-70b-instruct-maas,,34,71%,50%,4%,29%,26%,47%,8%,,$0.72,$0.72,$0.72,86.1,85.7,86.0,86.5,86.7,0.17,0.17,0.16,0.17,0.18,0.21,5.98,N/A,ModelProviders
,Llama 3.3 70B Snowflake,8k,No,Yes,Open,No,snowflake-llama-3.3-70b,,34,71%,50%,4%,29%,26%,47%,8%,,$0.58,$0.58,$0.58,186.4,85.1,180.4,188.8,198.3,0.27,0.27,0.22,0.26,0.34,0.41,2.95,N/A,ModelProviders
,Llama 3.3 70B,128k,Yes,No,Open,Yes,Llama-3-3-70B-Instruct,,34,71%,50%,4%,29%,26%,47%,8%,,$0.71,$0.71,$0.71,44.2,22.3,31.9,50.9,52.9,0.43,0.43,0.39,0.42,0.46,7.08,11.74,N/A,ModelProviders
,Llama 3.3 70B,131k,Yes,Yes,Open,Yes,accounts/fireworks/models/llama-v3p3-70b-instruct,,34,71%,50%,4%,29%,26%,47%,8%,,$0.90,$0.90,$0.90,161.2,74.0,140.8,182.0,223.2,0.41,0.41,0.29,0.34,0.47,0.76,3.51,N/A,ModelProviders
,"Llama 3.3 70B (Turbo, FP8)",131k,Yes,Yes,Open,Yes,meta-llama/Llama-3.3-70B-Instruct-Turbo,,34,71%,50%,4%,29%,26%,47%,8%,,$0.06,$0.04,$0.12,51.4,32.3,45.3,57.2,60.6,0.42,0.42,0.28,0.36,0.63,2.48,10.14,N/A,ModelProviders
,Llama 3.3 70B,131k,Yes,Yes,Open,Yes,meta-llama/Llama-3.3-70B-Instruct,,34,71%,50%,4%,29%,26%,47%,8%,,$0.27,$0.23,$0.40,26.0,21.7,24.1,28.6,37.4,0.57,0.57,0.23,0.35,0.67,1.09,19.82,N/A,ModelProviders
,Llama 3.3 70B,128k,Yes,Yes,Open,Yes,meta-llama-3.3-70b-instruct,,34,71%,50%,4%,29%,26%,47%,8%,,$0.60,$0.60,$0.60,171.8,143.7,153.0,184.3,195.4,0.29,0.29,0.26,0.27,0.33,0.50,3.20,N/A,ModelProviders
,Llama 3.3 70B,131k,Yes,No,Open,Yes,meta-llama/llama-3.3-70b-instruct,,34,71%,50%,4%,29%,26%,47%,8%,,$0.20,$0.13,$0.39,43.4,36.2,40.9,47.0,56.0,0.56,0.56,0.42,0.54,0.61,0.69,12.09,N/A,ModelProviders
,Llama 3.3 70B,33k,Yes,Yes,Open,Yes,llama-3.3-70b-versatile,,34,71%,50%,4%,29%,26%,47%,8%,,$0.64,$0.59,$0.79,441.5,376.3,411.1,467.0,501.8,0.18,0.18,0.16,0.17,0.20,0.25,1.31,N/A,ModelProviders
,Llama 3.3 70B,128k,Yes,Yes,Open,Yes,Meta-Llama-3.3-70B-Instruct,,34,71%,50%,4%,29%,26%,47%,8%,,$0.75,$0.60,$1.20,447.0,390.0,421.7,483.8,510.3,0.29,0.29,0.28,0.29,0.36,0.46,1.41,N/A,ModelProviders
,Llama 3.3 70B Turbo,131k,Yes,Yes,Open,Yes,meta-llama/Llama-3.3-70B-Instruct-Turbo,,34,71%,50%,4%,29%,26%,47%,8%,,$0.88,$0.88,$0.88,165.3,101.3,139.7,185.4,214.3,0.28,0.28,0.21,0.26,0.32,0.46,3.30,N/A,ModelProviders
,Phi-4,16k,Yes,Yes,Open,Yes,microsoft/phi-4,,32,71%,57%,4%,23%,26%,24%,18%,,$0.15,$0.10,$0.30,116.1,104.2,115.5,116.4,117.0,0.48,0.48,0.46,0.46,0.50,0.67,4.78,N/A,ModelProviders
,Phi-4,16k,No,No,Open,Yes,Phi-4-Global-Standard,,32,71%,57%,4%,23%,26%,24%,18%,,$0.22,$0.13,$0.50,41.7,30.4,38.7,43.8,45.1,0.42,0.42,0.36,0.41,0.47,7.01,12.40,N/A,ModelProviders
,Phi-4,16k,No,Yes,Open,Yes,microsoft/phi-4,,32,71%,57%,4%,23%,26%,24%,18%,,$0.09,$0.07,$0.14,46.7,41.7,44.9,49.4,56.5,0.33,0.33,0.22,0.28,0.55,0.65,11.04,N/A,ModelProviders
,Devstral Medium,131k,Yes,Yes,Proprietary,No,devstral-medium-2507,,32,71%,49%,4%,34%,29%,30%,5%,,$0.80,$0.40,$2.00,103.1,38.0,86.3,114.1,127.1,0.38,0.38,0.35,0.36,0.48,1.83,5.23,N/A,ModelProviders
,Nova Pro,300k,Yes,No,Proprietary,No,amazon.nova-pro-v1:0,,30,69%,50%,3%,23%,21%,38%,7%,,$1.40,$0.80,$3.20,165.4,130.6,151.9,179.6,219.2,0.41,0.41,0.37,0.38,0.42,0.47,3.43,N/A,ModelProviders
,GPT-4o mini,128k,Yes,Yes,Proprietary,Yes,gpt-4o-mini-2024-07-18,,29,65%,43%,4%,23%,23%,31%,15%,1273,$0.26,$0.15,$0.60,60.5,45.5,54.7,66.4,116.5,0.42,0.42,0.32,0.40,0.48,0.87,8.69,N/A,ModelProviders
,GPT-4o mini,128k,Yes,Yes,Proprietary,Yes,gpt-4o-mini,,29,65%,43%,4%,23%,23%,31%,15%,1273,$0.26,$0.15,$0.60,95.5,40.8,77.4,138.4,175.5,0.78,0.78,0.63,0.71,0.94,1.48,6.02,N/A,ModelProviders
,Gemma 3 27B,131k,Yes,No,Open,Yes,parasail-gemma3-27b-it,,29,67%,43%,5%,14%,21%,32%,21%,,$0.29,$0.25,$0.40,82.5,62.1,73.5,85.1,87.3,0.41,0.41,0.30,0.38,0.44,0.54,6.47,N/A,ModelProviders
,Gemma 3 27B (AI_Studio),128k,No,No,Open,Yes,gemma-3-27b-it,,29,67%,43%,5%,14%,21%,32%,21%,,$0.00,$0.00,$0.00,59.0,47.3,50.3,62.5,65.4,0.63,0.63,0.59,0.60,0.67,0.73,9.10,N/A,ModelProviders
,Gemma 3 27B,131k,Yes,No,Open,Yes,google/gemma-3-27b-it,,29,67%,43%,5%,14%,21%,32%,21%,,$0.11,$0.09,$0.17,37.2,23.9,33.3,40.0,52.5,0.41,0.41,0.27,0.32,0.56,1.01,13.86,N/A,ModelProviders
,Gemma 3 12B,131k,Yes,No,Open,Yes,google/gemma-3-12b-it,,26,60%,35%,5%,14%,17%,37%,18%,,$0.06,$0.05,$0.10,54.5,32.1,44.7,62.9,74.2,0.27,0.27,0.21,0.24,0.57,1.01,9.45,N/A,ModelProviders
,Nova Lite,300k,Yes,No,Proprietary,No,amazon.nova-lite-v1:0,,26,59%,43%,5%,17%,14%,34%,7%,,$0.10,$0.06,$0.24,238.0,180.5,219.5,264.6,292.2,0.36,0.36,0.33,0.34,0.40,0.45,2.46,N/A,ModelProviders
,Nova Micro,130k,Yes,No,Proprietary,No,amazon.nova-micro-v1:0,,22,53%,36%,5%,14%,9%,29%,6%,,$0.06,$0.04,$0.14,372.7,349.2,364.2,381.5,422.5,0.33,0.33,0.30,0.31,0.35,0.37,1.67,N/A,ModelProviders
,Gemma 3n E4B,33k,No,No,Open,Yes,google/gemma-3n-E4B-it,,21,49%,30%,4%,15%,8%,28%,14%,,$0.03,$0.02,$0.04,78.6,71.0,77.2,80.6,85.3,0.53,0.53,0.22,0.28,35.71,35.93,6.90,N/A,ModelProviders
,Gemma 3 4B,131k,Yes,No,Open,Yes,google/gemma-3-4b-it,,19,42%,29%,5%,11%,7%,28%,13%,,$0.03,$0.02,$0.04,111.1,70.2,87.4,127.7,191.7,0.54,0.54,0.20,0.25,0.55,0.59,5.04,N/A,ModelProviders
,GPT-4.1 mini,1m,Yes,Yes,Proprietary,Yes,gpt-4.1-mini-2025-04-14,,,78%,66%,5%,48%,40%,,,,$0.70,$0.40,$1.60,102.6,43.3,77.2,137.8,181.3,0.44,0.44,0.31,0.33,0.47,0.53,5.31,N/A,ModelProviders
,GPT-4.1 mini,1m,Yes,Yes,Proprietary,Yes,gpt-4.1-mini,,,78%,66%,5%,48%,40%,,,,$0.70,$0.40,$1.60,138.9,64.3,128.5,156.8,183.2,0.58,0.58,0.48,0.53,0.65,0.85,4.18,N/A,ModelProviders
,GPT-4.1 nano,1m,Yes,Yes,Proprietary,Yes,gpt-4.1-nano-2025-04-14,,,66%,51%,4%,33%,26%,,,,$0.17,$0.10,$0.40,145.0,73.0,119.9,159.4,202.8,0.35,0.35,0.29,0.33,0.43,0.67,3.80,N/A,ModelProviders
,GPT-4.1 nano,1m,Yes,Yes,Proprietary,Yes,gpt-4.1-nano,,,66%,51%,4%,33%,26%,,,,$0.17,$0.10,$0.40,214.4,164.8,188.6,236.9,254.2,0.64,0.64,0.52,0.59,0.77,1.01,2.97,N/A,ModelProviders
,o3-pro,200k,Yes,Yes,Proprietary,Yes,o3-pro-2025-06-10,,,,85%,,,,,,,$35.00,$20.00,$80.00,34.1,19.6,24.5,38.2,40.4,77.02,77.02,59.04,69.66,107.27,139.92,91.67,N/A,ModelProviders
,o3-mini (high),200k,Yes,Yes,Proprietary,Yes,o3-mini,,,80%,77%,12%,73%,40%,,,,$1.93,$1.10,$4.40,193.2,120.4,164.8,219.1,233.8,42.15,42.15,17.21,32.99,49.74,55.62,44.74,N/A,ModelProviders
,o3-mini (high),200k,Yes,Yes,Proprietary,Yes,o3-mini,,,80%,77%,12%,73%,40%,,,,$1.93,$1.10,$4.40,176.0,104.8,134.9,208.5,228.3,45.31,45.31,22.62,33.38,50.57,69.40,48.15,N/A,ModelProviders
,o3-mini,200k,Yes,Yes,Proprietary,Yes,o3-mini,,,79%,75%,9%,72%,40%,,,,$1.93,$1.10,$4.40,182.4,138.4,155.9,200.0,225.6,12.29,12.29,9.10,10.63,15.49,16.66,15.03,N/A,ModelProviders
,o3-mini,200k,Yes,Yes,Proprietary,Yes,o3-mini,,,79%,75%,9%,72%,40%,,,,$1.93,$1.10,$4.40,198.6,138.5,184.5,214.7,223.6,11.41,11.41,8.19,10.47,13.76,16.75,13.93,N/A,ModelProviders
,Llama 3.1 405B (FP8),128k,Yes,No,Open,Yes,llama3.1-405b-instruct-fp8,,,73%,52%,4%,31%,30%,,,1266,$0.80,$0.80,$0.80,35.2,34.4,34.8,35.4,35.6,0.30,0.30,0.27,0.29,0.32,0.51,14.51,N/A,ModelProviders
,Llama 3.1 405B,128k,No,No,Open,Yes,meta/meta-llama-3.1-405b-instruct,,,73%,52%,4%,31%,30%,,,1266,$9.50,$9.50,$9.50,19.3,19.1,19.2,19.3,19.4,0.99,0.99,0.89,0.98,1.01,1.09,26.95,N/A,ModelProviders
,Llama 3.1 405B,131k,No,No,Open,Yes,meta-llama/Meta-Llama-3.1-405B-Instruct,,,73%,52%,4%,31%,30%,,,1266,$4.00,$4.00,$4.00,99.6,73.4,96.1,101.8,110.1,1.04,1.04,0.81,0.90,1.12,1.20,6.06,N/A,ModelProviders
,Llama 3.1 405B Standard,128k,Yes,No,Open,No,meta.llama3-1-405b-instruct-v1:0,,,73%,52%,4%,31%,30%,,,1266,$2.40,$2.40,$2.40,29.8,27.7,29.2,31.0,32.8,1.83,1.83,1.80,1.82,1.86,1.89,18.59,N/A,ModelProviders
,Llama 3.1 405B Latency Optimized,128k,Yes,No,Open,No,us.meta.llama3-1-405b-instruct-v1:0,,,73%,52%,4%,31%,30%,,,1266,$3.00,$3.00,$3.00,90.4,79.4,84.8,93.6,95.2,0.44,0.44,0.40,0.42,0.46,0.48,5.98,N/A,ModelProviders
,Llama 3.1 405B Base,128k,Yes,Yes,Open,Yes,meta-llama/Meta-Llama-3.1-405B-Instruct,,,73%,52%,4%,31%,30%,,,1266,$1.50,$1.00,$3.00,33.3,32.2,33.1,33.4,33.4,0.66,0.66,0.63,0.64,0.69,0.88,15.68,N/A,ModelProviders
,Llama 3.1 405B Vertex,128k,Yes,No,Open,Yes,meta/llama3-405b-instruct-maas,,,73%,52%,4%,31%,30%,,,1266,$7.75,$5.00,$16.00,30.4,29.5,29.9,30.5,30.7,0.39,0.39,0.37,0.38,0.40,0.42,16.85,N/A,ModelProviders
,Llama 3.1 405B,128k,No,No,Open,Yes,Meta-Llama-3-1-405B-Instruct,,,73%,52%,4%,31%,30%,,,1266,$8.00,$5.33,$16.00,31.4,30.7,30.9,31.6,31.8,0.48,0.48,0.43,0.45,0.49,0.51,16.42,N/A,ModelProviders
,Llama 3.1 405B,131k,Yes,Yes,Open,Yes,accounts/fireworks/models/llama-v3p1-405b-instruct,,,73%,52%,4%,31%,30%,,,1266,$3.00,$3.00,$3.00,96.4,78.4,88.1,98.6,102.9,0.50,0.50,0.43,0.46,0.53,0.64,5.68,N/A,ModelProviders
,Llama 3.1 405B,33k,Yes,Yes,Open,Yes,meta-llama/Meta-Llama-3.1-405B-Instruct,,,73%,52%,4%,31%,30%,,,1266,$0.80,$0.80,$0.80,20.0,12.9,19.1,21.0,23.4,0.38,0.38,0.31,0.34,0.95,2.10,25.41,N/A,ModelProviders
,Llama 3.1 405B,16k,Yes,Yes,Open,Yes,Meta-Llama-3.1-405B-Instruct,,,73%,52%,4%,31%,30%,,,1266,$6.25,$5.00,$10.00,168.5,150.4,156.9,178.8,188.3,0.65,0.65,0.58,0.61,0.72,0.96,3.61,N/A,ModelProviders
,Llama 3.1 405B,128k,Yes,No,Open,Yes,databricks-meta-llama-3-1-405b-instruct,,,73%,52%,4%,31%,30%,,,1266,$7.50,$5.00,$15.00,38.9,34.6,38.6,39.2,39.3,0.91,0.91,0.64,0.87,1.05,1.30,13.75,N/A,ModelProviders
,Llama 3.1 405B Turbo,131k,Yes,No,Open,Yes,meta-llama/Meta-Llama-3.1-405B-Instruct-Turbo,,,73%,52%,4%,31%,30%,,,1266,$3.50,$3.50,$3.50,86.1,57.6,73.1,94.2,107.9,0.56,0.56,0.42,0.47,0.66,0.76,6.36,N/A,ModelProviders
,Llama 3.2 90B (Vision),128k,Yes,No,Open,No,us.meta.llama3-2-90b-instruct-v1:0,,,67%,43%,5%,21%,24%,,,,$0.72,$0.72,$0.72,59.6,49.2,58.9,60.5,61.0,0.49,0.49,0.43,0.47,0.51,0.52,8.88,N/A,ModelProviders
,Llama 3.2 90B (Vision) Vertex,128k,Yes,No,Open,Yes,meta/llama-3.2-90b-vision-instruct-maas,,,67%,43%,5%,21%,24%,,,,$0.00,$0.00,$0.00,33.3,30.2,31.2,33.8,34.1,0.18,0.18,0.16,0.17,0.19,0.24,15.19,N/A,ModelProviders
,Llama 3.2 90B (Vision),33k,No,No,Open,Yes,meta-llama/Llama-3.2-90B-Vision-Instruct,,,67%,43%,5%,21%,24%,,,,$0.36,$0.35,$0.40,36.1,28.9,33.1,38.8,40.4,0.34,0.34,0.28,0.31,0.37,1.11,14.17,N/A,ModelProviders
,Llama 3.2 11B (Vision),128k,Yes,No,Open,No,us.meta.llama3-2-11b-instruct-v1:0,,,46%,22%,5%,11%,,,,,$0.16,$0.16,$0.16,187.5,179.8,183.4,190.1,192.1,0.46,0.46,0.35,0.44,0.48,0.52,3.13,N/A,ModelProviders
,Llama 3.2 11B (Vision),131k,No,No,Open,Yes,meta-llama/Llama-3.2-11B-Vision-Instruct,,,46%,22%,5%,11%,,,,,$0.05,$0.05,$0.05,54.6,22.6,49.6,60.2,67.4,0.48,0.48,0.19,0.26,0.53,1.39,9.64,N/A,ModelProviders
,Gemma 3n E2B (AI Studio),32k,No,No,Open,Yes,gemma-3n-e2b-it,,,38%,23%,4%,10%,5%,,,,$0.00,$0.00,$0.00,56.9,45.6,49.8,65.6,68.0,0.31,0.31,0.17,0.20,0.36,0.45,9.10,N/A,ModelProviders
,Gemini 2.5 Flash-Lite (AI Studio),1m,Yes,No,Proprietary,Yes,gemini-2.5-flash-lite-preview-06-17,,,72%,47%,4%,40%,18%,,,,$0.17,$0.10,$0.40,365.4,299.0,329.1,456.5,608.6,0.29,0.29,0.20,0.25,0.35,0.37,1.66,N/A,ModelProviders
,Gemini 2.5 Flash-Lite (Reasoning) (AI Studio),1m,Yes,No,Proprietary,Yes,gemini-2.5-flash-lite-preview-06-17,,,76%,63%,6%,59%,19%,,,,$0.17,$0.10,$0.40,620.2,420.6,459.7,713.1,745.8,8.61,8.61,5.51,6.84,13.88,18.46,9.42,N/A,ModelProviders
,Ministral 8B,131k,Yes,Yes,Open,No,ministral-8b-latest,,,39%,28%,5%,11%,12%,,,1183,$0.10,$0.10,$0.10,133.8,47.9,63.5,199.7,233.9,0.31,0.31,0.28,0.29,0.39,0.88,4.05,N/A,ModelProviders
,Ministral 3B,131k,Yes,Yes,Proprietary,No,ministral-3b-latest,,,34%,26%,6%,7%,9%,,,,$0.04,$0.04,$0.04,272.7,164.2,258.7,290.7,303.2,0.28,0.28,0.27,0.27,0.30,0.39,2.11,N/A,ModelProviders
,Devstral Small,131k,Yes,Yes,Open,No,devstral-small-2507,,,62%,41%,4%,25%,24%,,,,$0.15,$0.10,$0.30,159.1,137.0,151.4,163.7,186.3,0.33,0.33,0.30,0.31,0.35,0.47,3.47,N/A,ModelProviders
,Devstral Small,128k,Yes,Yes,Open,Yes,mistralai/Devstral-Small-2505,,,62%,41%,4%,25%,24%,,,,$0.12,$0.08,$0.24,149.1,120.3,148.4,152.0,155.9,0.49,0.49,0.47,0.47,0.51,0.61,3.84,N/A,ModelProviders
,Devstral Small,128k,No,No,Open,Yes,mistralai/Devstral-Small-2507,,,62%,41%,4%,25%,24%,,,,$0.12,$0.07,$0.28,98.6,51.0,77.2,102.2,103.7,0.46,0.46,0.18,0.19,0.57,0.66,5.53,N/A,ModelProviders
,Codestral (Jan '25),262k,Yes,Yes,Proprietary,No,codestral-2501,,,45%,31%,5%,24%,25%,,,,$0.45,$0.30,$0.90,187.9,146.5,182.9,211.7,224.5,0.29,0.29,0.27,0.28,0.30,0.37,2.95,N/A,ModelProviders
,Codestral (Jan '25) Vertex,128k,Yes,No,Proprietary,Yes,mistralai/codestral-2501,,,45%,31%,5%,24%,25%,,,,$0.45,$0.30,$0.90,149.6,129.4,147.4,151.9,155.4,0.15,0.15,0.13,0.14,0.17,0.23,3.49,N/A,ModelProviders
,DeepSeek R1 0528 Qwen3 8B,131k,Yes,No,Open,Yes,parasail-deepseek-r1-0528-qwen3-8b,,,74%,61%,6%,51%,20%,,,,$0.06,$0.05,$0.10,115.7,83.2,105.1,119.2,131.0,0.36,17.65,0.27,0.29,0.41,0.49,21.97,17.28,ModelProviders
,DeepSeek R1 0528 Qwen3 8B,128k,No,No,Open,Yes,deepseek/deepseek-r1-0528-qwen3-8b,,,74%,61%,6%,51%,20%,,,,$0.07,$0.06,$0.09,90.8,79.4,86.7,91.8,92.3,0.76,22.80,0.73,0.74,0.83,0.95,28.31,22.03,ModelProviders
,Grok 3,131k,Yes,Yes,Proprietary,Yes,grok-3-beta,,,80%,69%,5%,43%,37%,,,,$6.00,$3.00,$15.00,72.7,42.3,56.0,89.9,97.0,0.58,0.58,0.48,0.54,0.68,0.87,7.46,N/A,ModelProviders
,Grok 3 Fast,131k,Yes,Yes,Proprietary,Yes,grok-3-fast-beta,,,80%,69%,5%,43%,37%,,,,$10.00,$5.00,$25.00,81.5,62.1,72.4,87.4,92.1,0.65,0.65,0.54,0.58,0.74,1.02,6.78,N/A,ModelProviders
,Grok 3 mini Reasoning (low),131k,Yes,Yes,Proprietary,Yes,grok-3-mini-beta,,,,,,,,,,,$0.35,$0.30,$0.50,153.5,136.5,146.8,161.3,188.2,0.45,13.48,0.37,0.42,0.53,0.64,16.74,13.03,ModelProviders
,Grok 3 mini Reasoning (low) Fast,131k,Yes,Yes,Proprietary,Yes,grok-3-mini-fast-beta,,,,,,,,,,,$1.45,$0.60,$4.00,213.2,165.9,199.0,216.6,223.0,0.51,9.89,0.42,0.45,0.61,1.02,12.23,9.38,ModelProviders
,Phi-4 Multimodal,128k,No,No,Open,Yes,Phi-4-multimodal-instruct-xpmhe,,,49%,32%,4%,13%,11%,,,,$0.00,$0.00,$0.00,22.5,18.6,21.8,23.0,23.3,0.34,0.34,0.32,0.33,0.36,0.38,22.54,N/A,ModelProviders
,MiniMax-Text-01,1m,Yes,No,Open,Yes,MiniMax-Text-01,,,76%,58%,4%,25%,25%,,,,$0.42,$0.20,$1.10,32.8,24.1,29.8,37.1,39.6,0.81,0.81,0.57,0.59,0.94,1.27,16.06,N/A,ModelProviders
,Llama 3.1 Nemotron 70B (FP8),128k,Yes,No,Open,Yes,llama3.1-nemotron-70b-instruct-fp8,,,69%,47%,5%,17%,23%,,,1269,$0.17,$0.12,$0.30,50.9,40.6,49.3,51.4,51.6,0.23,0.23,0.21,0.21,0.23,0.32,10.04,N/A,ModelProviders
,Llama 3.1 Nemotron 70B,131k,Yes,Yes,Open,Yes,nvidia/Llama-3.1-Nemotron-70B-Instruct,,,69%,47%,5%,17%,23%,,,1269,$0.17,$0.12,$0.30,38.4,16.9,31.3,39.8,41.0,0.27,0.27,0.23,0.25,0.31,0.65,13.28,N/A,ModelProviders
,Reka Flash 3,128k,No,No,Open,No,reka-flash-3,,,67%,53%,5%,44%,27%,,,,$0.35,$0.20,$0.80,55.7,54.4,55.4,57.1,57.5,1.28,37.20,1.20,1.24,1.31,1.38,46.18,35.92,ModelProviders
,EXAONE 4.0 32B,131k,Yes,Yes,Open,Yes,LGAI-EXAONE/EXAONE-4.0-32B,,,77%,63%,5%,47%,25%,,,,$0.70,$0.60,$1.00,88.9,79.3,82.5,92.5,135.6,0.29,0.29,0.26,0.28,0.33,0.84,5.92,N/A,ModelProviders
,GLM-4.5-Air,128k,Yes,Yes,Open,Yes,z-ai/GLM-4.5-Air,,,82%,73%,7%,68%,31%,,,,$0.32,$0.14,$0.86,98.6,72.9,86.9,112.5,126.5,0.80,21.08,0.68,0.76,0.97,1.44,26.15,20.27,ModelProviders
,GLM-4.5-Air,131k,No,No,Open,Yes,zai-org/GLM-4.5-Air,,,82%,73%,7%,68%,31%,,,,$0.42,$0.20,$1.10,180.0,54.3,109.2,188.1,201.8,0.23,11.34,0.19,0.20,0.37,299.92,14.12,11.11,ModelProviders
,GLM-4.5-Air (FP8),131k,No,No,Open,Yes,zai-org/GLM-4.5-Air-FP8,,,82%,73%,7%,68%,31%,,,,$0.42,$0.20,$1.10,243.5,165.5,197.7,250.0,255.4,0.36,8.57,0.20,0.33,0.46,0.92,10.63,8.21,ModelProviders
,Aya Expanse 32B,128k,No,No,Open,No,c4ai-aya-expanse-32b,,,38%,23%,5%,14%,15%,,,1207,$0.75,$0.50,$1.50,119.0,113.0,116.5,120.5,125.2,0.18,0.18,0.16,0.17,0.19,0.20,4.38,N/A,ModelProviders
,Aya Expanse 8B,8k,No,No,Open,No,c4ai-aya-expanse-8b,,,31%,25%,5%,7%,8%,,,,$0.75,$0.50,$1.50,167.3,153.1,160.0,171.0,175.7,0.14,0.14,0.13,0.14,0.16,0.18,3.13,N/A,ModelProviders
,Jamba 1.7 Large,256k,Yes,Yes,Open,No,jamba-large-1.7,,,58%,39%,4%,18%,19%,,,,$3.50,$2.00,$8.00,51.6,44.6,48.2,56.7,60.3,0.78,0.78,0.59,0.75,0.85,0.94,10.47,N/A,ModelProviders
,Jamba 1.7 Mini,258k,Yes,Yes,Open,No,jamba-mini-1.7,,,39%,32%,5%,6%,9%,,,,$0.25,$0.20,$0.40,166.9,150.5,160.1,169.0,170.0,0.63,0.63,0.44,0.57,0.68,0.80,3.62,N/A,ModelProviders
,QwQ-32B,131k,No,No,Open,Yes,Qwen/QwQ-32B,,,76%,59%,8%,63%,36%,,,,$0.20,$0.20,$0.20,114.5,23.9,52.8,136.4,141.9,1.06,22.82,0.81,0.93,1.24,3.02,27.18,21.76,ModelProviders
,QwQ-32B Fast,131k,Yes,Yes,Open,Yes,Qwen/QwQ-32B-fast,,,76%,59%,8%,63%,36%,,,,$0.75,$0.50,$1.50,85.7,74.1,84.9,86.1,86.7,0.52,29.59,0.49,0.49,0.65,1.81,35.43,29.08,ModelProviders
,QwQ-32B Base,131k,Yes,Yes,Open,Yes,Qwen/QwQ-32B,,,76%,59%,8%,63%,36%,,,,$0.23,$0.15,$0.45,50.0,29.4,40.3,53.5,60.3,0.60,50.40,0.53,0.55,0.93,1.03,60.39,49.79,ModelProviders
,QwQ-32B,131k,No,Yes,Open,Yes,Qwen/QwQ-32B,,,76%,59%,8%,63%,36%,,,,$0.09,$0.07,$0.15,46.5,30.9,36.4,50.4,56.4,0.44,54.00,0.20,0.26,0.56,0.71,64.75,53.57,ModelProviders
,QwQ-32B,131k,Yes,Yes,Open,Yes,Qwen/QwQ-32B,,,76%,59%,8%,63%,36%,,,,$0.75,$0.50,$1.50,52.3,52.0,52.2,52.5,52.7,0.39,47.99,0.34,0.35,0.53,0.59,57.55,47.60,ModelProviders
,QwQ-32B,131k,Yes,No,Open,Yes,Qwen/QwQ-32B,,,76%,59%,8%,63%,36%,,,,$1.20,$1.20,$1.20,96.2,84.2,93.0,97.1,97.8,0.24,26.13,0.19,0.20,0.35,0.44,31.33,25.89,ModelProviders
,Qwen3 30B 2507 (Non-reasoning),33k,Yes,Yes,Open,Yes,qwen3-30b-a3b-instruct-2507,,,78%,66%,7%,52%,30%,,,,$0.35,$0.20,$0.80,105.3,103.4,104.3,106.7,107.3,1.07,1.07,0.96,1.03,1.32,1.85,5.82,N/A,ModelProviders
,Qwen3 30B 2507 (Reasoning),33k,Yes,Yes,Open,Yes,qwen3-30b-a3b-thinking-2507,,,81%,71%,10%,71%,33%,,,,$0.75,$0.20,$2.40,110.6,108.4,109.3,111.5,112.4,1.16,19.25,0.98,1.07,1.39,1.57,23.77,18.09,ModelProviders
,o1,200k,Yes,Yes,Proprietary,Yes,o1-2024-12-17,,,84%,75%,8%,68%,36%,,,,$26.25,$15.00,$60.00,177.0,90.3,159.5,191.3,210.7,17.11,17.11,12.86,14.99,21.45,37.17,19.93,N/A,ModelProviders
,o1,200k,Yes,Yes,Proprietary,Yes,o1-global-standard,,,84%,75%,8%,68%,36%,,,,$26.25,$15.00,$60.00,114.8,30.4,109.5,116.5,118.0,24.90,24.90,19.27,23.64,29.61,127.70,29.26,N/A,ModelProviders
,o1-preview,128k,No,Yes,Proprietary,Yes,o1-preview,,,,,,,,,,1334,$28.88,$16.50,$66.00,137.7,14.2,122.5,141.9,144.8,22.98,22.98,14.70,17.27,27.88,132.56,26.61,N/A,ModelProviders
,o1-mini,128k,Yes,Yes,Proprietary,Yes,o1-mini-2024-09-12,,,74%,60%,5%,58%,32%,,,1308,$1.93,$1.10,$4.40,226.7,160.2,201.4,270.0,316.9,8.83,8.83,1.58,6.61,10.99,12.71,11.04,N/A,ModelProviders
,o1-mini,128k,No,No,Proprietary,Yes,o1-mini,,,74%,60%,5%,58%,32%,,,1308,$1.93,$1.10,$4.40,268.9,228.5,247.5,276.7,293.2,9.14,9.14,2.82,8.42,10.65,13.97,11.00,N/A,ModelProviders
,GPT-4o (Aug '24),128k,Yes,Yes,Proprietary,Yes,gpt-4o-2024-08-06,,,,52%,3%,32%,,,,1337,$4.38,$2.50,$10.00,60.2,41.0,54.2,86.6,129.9,0.52,0.52,0.41,0.48,0.58,0.77,8.82,N/A,ModelProviders
,GPT-4o (Aug '24),128k,Yes,Yes,Proprietary,Yes,gpt-4o-2024-08-06,,,,52%,3%,32%,,,,1337,$4.38,$2.50,$10.00,139.5,117.2,127.2,147.5,183.4,0.67,0.67,0.59,0.61,0.71,1.06,4.26,N/A,ModelProviders
,GPT-4o (May '24),128k,Yes,Yes,Proprietary,Yes,gpt-4o,,,74%,53%,3%,33%,31%,,,1285,$7.50,$5.00,$15.00,64.9,38.9,56.2,84.4,99.3,0.61,0.61,0.45,0.54,0.75,0.91,8.32,N/A,ModelProviders
,GPT-4o (May '24),128k,Yes,Yes,Proprietary,Yes,gpt-4o-2024-05-13-global-standard,,,74%,53%,3%,33%,31%,,,1285,$7.50,$5.00,$15.00,149.7,107.7,130.0,167.1,184.3,0.65,0.65,0.51,0.56,0.68,0.79,3.99,N/A,ModelProviders
,GPT-4 Turbo,128k,Yes,Yes,Proprietary,Yes,gpt-4-turbo,,,69%,,3%,29%,32%,,,1256,$15.00,$10.00,$30.00,52.4,35.7,42.2,56.1,60.2,0.82,0.82,0.57,0.66,0.94,1.11,10.36,N/A,ModelProviders
,GPT-4 Turbo,128k,Yes,Yes,Proprietary,Yes,gpt-4-turbo-2024-04-09-global-standard,,,69%,,3%,29%,32%,,,1256,$15.00,$10.00,$30.00,53.5,43.5,50.4,57.4,58.6,1.13,1.13,0.97,1.05,1.23,1.63,10.48,N/A,ModelProviders
,GPT-3.5 Turbo,4k,Yes,Yes,Proprietary,Yes,gpt-3.5-turbo,,,46%,30%,,,,,,1107,$0.75,$0.50,$1.50,129.1,103.6,113.0,151.3,161.5,0.37,0.37,0.29,0.32,0.45,0.92,4.24,N/A,ModelProviders
,GPT-4o (March 2025),128k,Yes,Yes,Proprietary,Yes,chatgpt-4o-latest,,,80%,66%,5%,43%,37%,,26%,,$7.50,$5.00,$15.00,185.2,65.7,139.8,199.3,254.4,0.40,0.40,0.27,0.34,0.57,1.12,3.10,N/A,ModelProviders
,GPT-4,8k,Yes,Yes,Proprietary,Yes,gpt-4,,,,,,,,,,1186,$37.50,$30.00,$60.00,30.5,24.2,28.1,40.1,43.8,0.72,0.72,0.61,0.70,0.81,1.31,17.12,N/A,ModelProviders
,Llama 3.1 70B (FP8),128k,Yes,No,Open,Yes,llama3.1-70b-instruct-fp8,,,68%,41%,5%,23%,27%,,,1249,$0.17,$0.12,$0.30,50.8,48.2,50.2,51.1,51.4,0.22,0.22,0.20,0.21,0.23,0.29,10.05,N/A,ModelProviders
,Llama 3.1 70B,131k,No,No,Open,Yes,meta-llama/Meta-Llama-3.1-70B-Instruct,,,68%,41%,5%,23%,27%,,,1249,$0.40,$0.40,$0.40,160.1,100.3,132.1,183.7,215.2,0.84,0.84,0.68,0.78,1.10,1.45,3.97,N/A,ModelProviders
,Llama 3.1 70B Standard,128k,Yes,No,Open,No,meta.llama3-1-70b-instruct-v1:0,,,68%,41%,5%,23%,27%,,,1249,$0.72,$0.72,$0.72,31.5,26.1,31.2,31.7,31.9,0.64,0.64,0.61,0.63,0.66,0.72,16.50,N/A,ModelProviders
,Llama 3.1 70B Latency Optimized,128k,Yes,No,Open,No,us.meta.llama3-1-70b-instruct-v1:0,,,68%,41%,5%,23%,27%,,,1249,$0.90,$0.90,$0.90,136.1,128.2,131.3,145.1,150.6,0.32,0.32,0.28,0.30,0.35,0.36,3.99,N/A,ModelProviders
,Llama 3.1 70B Base,128k,Yes,Yes,Open,Yes,meta-llama/Meta-Llama-3.1-70B-Instruct,,,68%,41%,5%,23%,27%,,,1249,$0.20,$0.13,$0.40,38.8,26.0,37.7,39.1,39.8,0.62,0.62,0.57,0.60,0.67,0.83,13.52,N/A,ModelProviders
,Llama 3.1 70B Vertex,128k,Yes,No,Open,Yes,meta/llama3-70b-instruct-maas,,,68%,41%,5%,23%,27%,,,1249,$0.00,$0.00,$0.00,74.1,49.6,72.1,75.2,76.0,0.25,0.25,0.23,0.25,0.27,0.30,7.00,N/A,ModelProviders
,Llama 3.1 70B,128k,No,No,Open,Yes,Meta-Llama-3-1-70B-Instruct,,,68%,41%,5%,23%,27%,,,1249,$2.90,$2.68,$3.54,64.2,55.8,61.7,64.6,64.8,0.42,0.42,0.38,0.40,0.45,0.47,8.21,N/A,ModelProviders
,Llama 3.1 70B,131k,Yes,Yes,Open,Yes,accounts/fireworks/models/llama-v3p1-70b-instruct,,,68%,41%,5%,23%,27%,,,1249,$0.90,$0.90,$0.90,168.4,125.6,143.7,183.2,205.4,0.34,0.34,0.29,0.31,0.44,0.90,3.31,N/A,ModelProviders
,"Llama 3.1 70B (Turbo, FP8)",131k,Yes,Yes,Open,Yes,meta-llama/Meta-Llama-3.1-70B-Instruct-Turbo,,,68%,41%,5%,23%,27%,,,1249,$0.14,$0.10,$0.28,39.0,27.5,35.3,42.9,46.2,0.24,0.24,0.19,0.21,0.26,0.40,13.06,N/A,ModelProviders
,Llama 3.1 70B,131k,Yes,Yes,Open,Yes,meta-llama/Meta-Llama-3.1-70B-Instruct,,,68%,41%,5%,23%,27%,,,1249,$0.27,$0.23,$0.40,36.0,30.7,33.2,38.7,39.4,0.36,0.36,0.29,0.33,0.38,1.36,14.25,N/A,ModelProviders
,Llama 3.1 70B Turbo,131k,Yes,Yes,Open,Yes,meta-llama/Meta-Llama-3.1-70B-Instruct-Turbo,,,68%,41%,5%,23%,27%,,,1249,$0.88,$0.88,$0.88,134.6,40.9,95.0,162.6,220.9,0.40,0.40,0.20,0.27,0.63,4.27,4.12,N/A,ModelProviders
,Llama 3.1 70B,128k,No,No,Open,Yes,llama3_1,,,68%,41%,5%,23%,27%,,,1249,$0.90,$0.90,$0.90,59.0,53.4,56.7,74.3,96.6,1.06,1.06,1.03,1.04,1.10,1.14,9.54,N/A,ModelProviders
,Llama 3.1 8B,128k,Yes,No,Open,Yes,llama3.1-8b-instruct,,,48%,26%,5%,12%,13%,,,1172,$0.03,$0.03,$0.04,131.1,20.2,106.9,197.3,208.4,0.21,0.21,0.19,0.20,0.24,0.34,4.02,N/A,ModelProviders
,Llama 3.1 8B,33k,Yes,Yes,Open,Yes,llama3.1-8b,,,48%,26%,5%,12%,13%,,,1172,$0.10,$0.10,$0.10,"2,146.1",886.5,"1,919.4","2,235.5","2,289.4",0.28,0.28,0.23,0.24,0.29,0.35,0.51,N/A,ModelProviders
,Llama 3.1 8B,131k,No,No,Open,Yes,meta-llama/Meta-Llama-3.1-8B-Instruct,,,48%,26%,5%,12%,13%,,,1172,$0.10,$0.10,$0.10,761.5,91.3,433.0,"1,048.3","1,664.0",0.77,0.77,0.64,0.71,0.81,0.93,1.43,N/A,ModelProviders
,Llama 3.1 8B,128k,Yes,No,Open,No,meta.llama3-1-8b-instruct-v1:0,,,48%,26%,5%,12%,13%,,,1172,$0.22,$0.22,$0.22,214.4,182.9,188.2,252.8,293.3,0.28,0.28,0.26,0.27,0.30,0.31,2.61,N/A,ModelProviders
,Llama 3.1 8B Fast,128k,Yes,Yes,Open,Yes,meta-llama/Meta-Llama-3.1-8B-Instruct-fast,,,48%,26%,5%,12%,13%,,,1172,$0.04,$0.03,$0.09,113.9,59.0,106.4,123.6,128.9,0.46,0.46,0.44,0.45,0.52,0.60,4.85,N/A,ModelProviders
,Llama 3.1 8B Base,128k,Yes,Yes,Open,Yes,meta-llama/Meta-Llama-3.1-8B-Instruct,,,48%,26%,5%,12%,13%,,,1172,$0.03,$0.02,$0.06,64.0,52.9,60.4,65.0,67.7,0.51,0.51,0.48,0.49,0.54,0.67,8.32,N/A,ModelProviders
,Llama 3.1 8B Vertex,128k,No,No,Open,Yes,meta/llama3-8b-instruct-maas,,,48%,26%,5%,12%,13%,,,1172,$0.00,$0.00,$0.00,123.9,121.3,122.1,125.7,128.9,0.16,0.16,0.14,0.15,0.16,0.17,4.19,N/A,ModelProviders
,Llama 3.1 8B,128k,No,No,Open,Yes,Meta-Llama-3-1-8B-Instruct,,,48%,26%,5%,12%,13%,,,1172,$0.38,$0.30,$0.61,225.0,202.8,220.9,226.1,227.2,0.32,0.32,0.27,0.29,1.04,1.06,2.55,N/A,ModelProviders
,Llama 3.1 8B,131k,Yes,Yes,Open,Yes,accounts/fireworks/models/llama-v3p1-8b-instruct,,,48%,26%,5%,12%,13%,,,1172,$0.20,$0.20,$0.20,305.2,280.7,296.3,312.4,323.2,0.28,0.28,0.21,0.26,0.33,0.37,1.92,N/A,ModelProviders
,Llama 3.1 8B,131k,Yes,Yes,Open,Yes,meta-llama/Meta-Llama-3.1-8B-Instruct,,,48%,26%,5%,12%,13%,,,1172,$0.04,$0.03,$0.05,53.2,28.0,43.6,62.0,71.5,0.37,0.37,0.17,0.25,0.54,3.48,9.76,N/A,ModelProviders
,Llama 3.1 8B,128k,Yes,Yes,Open,Yes,meta-llama-3.1-8b-instruct,,,48%,26%,5%,12%,13%,,,1172,$0.10,$0.10,$0.10,422.4,345.6,396.8,483.8,494.3,0.28,0.28,0.26,0.27,0.30,0.37,1.46,N/A,ModelProviders
,Llama 3.1 8B,16k,No,No,Open,Yes,meta-llama/llama-3.1-8b-instruct,,,48%,26%,5%,12%,13%,,,1172,$0.03,$0.02,$0.05,76.8,68.0,74.9,78.2,79.4,0.85,0.85,0.74,0.80,0.91,1.27,7.35,N/A,ModelProviders
,Llama 3.1 8B,131k,Yes,Yes,Open,Yes,llama-3.1-8b-instant,,,48%,26%,5%,12%,13%,,,1172,$0.06,$0.05,$0.08,754.6,141.7,721.1,836.9,873.8,0.21,0.21,0.16,0.18,0.22,0.26,0.87,N/A,ModelProviders
,Llama 3.1 8B,16k,Yes,Yes,Open,Yes,Meta-Llama-3.1-8B-Instruct,,,48%,26%,5%,12%,13%,,,1172,$0.13,$0.10,$0.20,"1,197.0","1,177.5","1,189.0","1,202.9","1,208.7",0.24,0.24,0.21,0.21,0.28,0.36,0.66,N/A,ModelProviders
,Llama 3.1 8B Turbo,131k,Yes,Yes,Open,Yes,meta-llama/Meta-Llama-3.1-8B-Instruct-Turbo,,,48%,26%,5%,12%,13%,,,1172,$0.18,$0.18,$0.18,168.8,75.5,113.2,202.9,286.3,0.27,0.27,0.18,0.22,0.34,0.50,3.23,N/A,ModelProviders
,Llama 3.1 8B,128k,No,No,Open,Yes,llama3_1,,,48%,26%,5%,12%,13%,,,1172,$0.15,$0.15,$0.15,473.9,322.4,452.6,486.5,500.4,0.98,0.98,0.92,0.95,1.00,1.82,2.04,N/A,ModelProviders
,Llama 3.2 3B (FP8),128k,Yes,No,Open,Yes,llama3.2-3b-instruct,,,35%,26%,5%,8%,5%,,,1103,$0.02,$0.01,$0.03,218.6,207.9,213.0,221.8,225.8,0.19,0.19,0.18,0.18,0.22,0.31,2.48,N/A,ModelProviders
,Llama 3.2 3B,131k,No,No,Open,Yes,meta-llama/Llama-3.2-3B-Instruct,,,35%,26%,5%,8%,5%,,,1103,$0.10,$0.10,$0.10,329.6,296.7,317.1,336.8,356.0,0.93,0.93,0.75,0.86,1.04,1.54,2.45,N/A,ModelProviders
,Llama 3.2 3B,128k,No,No,Open,No,us.meta.llama3-2-3b-instruct-v1:0,,,35%,26%,5%,8%,5%,,,1103,$0.15,$0.15,$0.15,71.6,61.9,71.0,72.4,73.3,0.48,0.48,0.44,0.46,0.50,0.52,7.46,N/A,ModelProviders
,Llama 3.2 3B,131k,No,No,Open,Yes,meta-llama/Llama-3.2-3B-Instruct,,,35%,26%,5%,8%,5%,,,1103,$0.01,$0.01,$0.02,191.1,80.8,178.5,199.7,207.8,0.51,0.51,0.43,0.48,0.56,0.70,3.13,N/A,ModelProviders
,Llama 3.2 3B,33k,Yes,No,Open,Yes,meta-llama/llama-3.2-3b-instruct,,,35%,26%,5%,8%,5%,,,1103,$0.04,$0.03,$0.05,78.6,49.3,74.1,89.2,97.5,0.78,0.78,0.68,0.72,0.86,1.16,7.14,N/A,ModelProviders
,Llama 3.2 3B Turbo,131k,Yes,Yes,Open,Yes,meta-llama/Llama-3.2-3B-Instruct-Turbo,,,35%,26%,5%,8%,5%,,,1103,$0.06,$0.06,$0.06,150.8,125.0,136.5,160.6,162.9,30.88,30.88,0.25,0.30,35.90,36.15,34.19,N/A,ModelProviders
,Llama 3 70B,8k,No,No,Open,Yes,meta/meta-llama-3-70b-instruct,,,57%,38%,4%,20%,19%,,,1206,$1.18,$0.65,$2.75,49.7,38.5,45.1,51.0,51.7,0.41,0.41,0.36,0.39,0.45,0.66,10.48,N/A,ModelProviders
,Llama 3 70B,8k,No,No,Open,Yes,meta-llama/Meta-Llama-3-70B-Instruct,,,57%,38%,4%,20%,19%,,,1206,$0.40,$0.40,$0.40,116.9,89.0,108.0,121.5,138.9,0.82,0.82,0.63,0.74,0.91,1.24,5.10,N/A,ModelProviders
,Llama 3 70B,8k,No,No,Open,No,meta.llama3-70b-instruct-v1:0,,,57%,38%,4%,20%,19%,,,1206,$2.86,$2.65,$3.50,47.2,46.4,46.9,47.5,47.6,0.40,0.40,0.37,0.39,0.42,0.44,10.99,N/A,ModelProviders
,Llama 3 70B,8k,No,No,Open,Yes,Meta-Llama-3-70B-Instruct,,,57%,38%,4%,20%,19%,,,1206,$2.90,$2.68,$3.54,19.0,18.4,18.9,19.0,19.1,0.77,0.77,0.72,0.75,0.78,0.84,27.14,N/A,ModelProviders
,Llama 3 70B,8k,Yes,Yes,Open,Yes,meta-llama/Meta-Llama-3-70B-Instruct,,,57%,38%,4%,20%,19%,,,1206,$0.33,$0.30,$0.40,42.5,38.7,41.2,43.7,44.0,0.32,0.32,0.25,0.29,0.35,0.39,12.10,N/A,ModelProviders
,Llama 3 70B,8k,No,No,Open,Yes,meta-llama/llama-3-70b-instruct,,,57%,38%,4%,20%,19%,,,1206,$0.57,$0.51,$0.74,19.5,16.8,18.9,19.8,20.9,1.21,1.21,1.15,1.17,1.30,1.72,26.81,N/A,ModelProviders
,Llama 3 70B,8k,Yes,Yes,Open,Yes,Llama3-70b-8192,,,57%,38%,4%,20%,19%,,,1206,$0.64,$0.59,$0.79,304.2,276.5,291.9,314.7,325.8,0.13,0.13,0.12,0.12,0.14,0.16,1.77,N/A,ModelProviders
,"Llama 3 70B (Reference, FP16)",8k,No,No,Open,Yes,META-LLAMA/LLAMA-3-70B-CHAT-HF,,,57%,38%,4%,20%,19%,,,1206,$0.88,$0.88,$0.88,115.3,77.0,104.7,119.8,137.2,0.29,0.29,0.23,0.26,0.35,0.64,4.63,N/A,ModelProviders
,"Llama 3 70B (Turbo, FP8)",8k,No,No,Open,Yes,meta-llama/Meta-Llama-3-70B-Instruct-Turbo,,,57%,38%,4%,20%,19%,,,1206,$0.88,$0.88,$0.88,115.9,84.4,104.5,124.5,135.0,0.29,0.29,0.24,0.27,0.35,0.41,4.61,N/A,ModelProviders
,Llama 3 8B,8k,No,No,Open,Yes,meta/meta-llama-3-8b-instruct,,,41%,30%,5%,10%,12%,,,1152,$0.10,$0.05,$0.25,82.0,74.3,81.1,82.6,83.2,0.40,0.40,0.37,0.39,0.43,0.48,6.50,N/A,ModelProviders
,Llama 3 8B,8k,No,No,Open,No,meta.llama3-8b-instruct-v1:0,,,41%,30%,5%,10%,12%,,,1152,$0.38,$0.30,$0.60,104.0,102.5,103.3,104.3,104.7,0.31,0.31,0.29,0.30,0.34,0.36,5.12,N/A,ModelProviders
,Llama 3 8B,8k,No,No,Open,Yes,Meta-Llama-3-8B-Instruct,,,41%,30%,5%,10%,12%,,,1152,$0.38,$0.30,$0.61,73.7,73.3,73.3,73.8,74.4,0.37,0.37,0.35,0.36,0.37,0.40,7.15,N/A,ModelProviders
,Llama 3 8B,8k,No,Yes,Open,Yes,meta-llama/Meta-Llama-3-8B-Instruct,,,41%,30%,5%,10%,12%,,,1152,$0.04,$0.03,$0.06,119.3,99.3,109.9,124.1,131.0,0.51,0.51,0.20,0.49,0.55,0.78,4.70,N/A,ModelProviders
,Llama 3 8B,8k,No,No,Open,Yes,meta-llama/llama-3-8b-instruct,,,41%,30%,5%,10%,12%,,,1152,$0.04,$0.04,$0.04,73.9,70.0,72.0,75.9,76.5,0.82,0.82,0.77,0.80,0.87,0.93,7.59,N/A,ModelProviders
,Llama 3 8B,8k,Yes,Yes,Open,Yes,Llama3-8b-8192,,,41%,30%,5%,10%,12%,,,1152,$0.06,$0.05,$0.08,902.3,544.1,677.8,"1,103.4","1,361.6",0.24,0.24,0.18,0.21,0.37,0.56,0.79,N/A,ModelProviders
,Llama 3.2 1B,128k,No,No,Open,No,us.meta.llama3-2-1b-instruct-v1:0,,,20%,20%,5%,2%,2%,,,1054,$0.10,$0.10,$0.10,126.8,108.2,124.9,128.6,131.0,0.45,0.45,0.40,0.43,0.48,0.54,4.40,N/A,ModelProviders
,Llama 3.2 1B,131k,No,No,Open,Yes,meta-llama/Llama-3.2-1B-Instruct,,,20%,20%,5%,2%,2%,,,1054,$0.01,$0.01,$0.01,285.1,237.9,282.6,287.0,288.1,0.21,0.21,0.18,0.20,0.24,0.26,1.96,N/A,ModelProviders
,Llama 2 Chat 7B,4k,No,No,Open,Yes,meta/llama-2-7b-chat,,,16%,23%,6%,0%,0%,,,1037,$0.10,$0.05,$0.25,128.1,116.7,123.5,134.3,137.2,0.42,0.42,0.38,0.41,0.51,14.01,4.32,N/A,ModelProviders
,Gemini 2.0 Pro Experimental (AI Studio),2m,Yes,Yes,Proprietary,Yes,gemini-2.0-pro-exp-02-05,,,81%,62%,7%,35%,31%,,,,$0.00,$0.00,$0.00,49.4,49.4,49.4,49.4,49.4,17.13,17.13,17.13,17.13,17.13,17.13,27.25,N/A,ModelProviders
,Gemini 2.0 Flash (exp) (AI Studio),1m,Yes,Yes,Proprietary,Yes,gemini-2.0-flash-exp,,,78%,64%,5%,21%,34%,,,,$0.00,$0.00,$0.00,211.9,177.9,202.2,225.5,236.8,0.28,0.28,0.22,0.25,0.32,0.37,2.64,N/A,ModelProviders
,Gemini 2.0 Flash-Lite (Preview) (AI Studio),1m,Yes,Yes,Proprietary,Yes,gemini-2.0-flash-lite-preview-02-05,,,,54%,4%,18%,25%,,,,$0.13,$0.07,$0.30,215.7,195.2,202.7,224.1,234.4,0.27,0.27,0.22,0.25,0.31,0.70,2.59,N/A,ModelProviders
,Gemma 2 27B,8k,No,No,Open,Yes,google/gemma-2-27b-it,,,57%,36%,4%,28%,13%,,,1219,$0.80,$0.80,$0.80,91.1,78.8,88.8,93.3,94.5,0.23,0.23,0.18,0.20,0.26,0.81,5.72,N/A,ModelProviders
,Gemma 2 9B Fast,8k,Yes,Yes,Open,Yes,google/gemma-2-9b-it-fast,,,50%,31%,4%,13%,1%,,,1190,$0.04,$0.03,$0.09,104.3,89.9,100.2,108.8,117.9,0.46,0.46,0.44,0.45,0.49,0.57,5.26,N/A,ModelProviders
,Gemma 2 9B,8k,Yes,Yes,Open,Yes,gemma2-9b-it,,,50%,31%,4%,13%,1%,,,1190,$0.20,$0.20,$0.20,"1,102.9","1,061.9","1,076.2","1,129.5","1,163.2",0.20,0.20,0.16,0.17,0.20,0.22,0.65,N/A,ModelProviders
,Gemini 2.0 Flash-Lite (Feb '25) (AI Studio),1m,Yes,Yes,Proprietary,Yes,gemini-2.0-flash-lite-001,,,72%,54%,4%,19%,25%,,,,$0.13,$0.07,$0.30,216.4,189.1,208.4,234.9,238.3,0.30,0.30,0.20,0.26,0.32,0.89,2.61,N/A,ModelProviders
,Gemini 2.5 Pro (Mar '25),1m,Yes,Yes,Proprietary,Yes,gemini-2.5-pro-preview-03-25,,,86%,84%,17%,78%,40%,,,,$3.44,$1.25,$10.00,149.1,139.0,143.7,151.0,153.6,36.04,36.04,25.61,34.35,39.22,42.39,39.39,N/A,ModelProviders
,Gemini 2.5 Pro (May' 25) (AI Studio),1m,Yes,Yes,Proprietary,Yes,gemini-2.5-pro-preview-05-06,,,84%,82%,15%,77%,42%,,,,$3.44,$1.25,$10.00,147.6,140.1,144.7,152.9,155.7,37.18,37.18,32.57,33.62,41.11,50.35,40.56,N/A,ModelProviders
,Claude 3.5 Sonnet (Oct),200k,Yes,No,Proprietary,No,anthropic.claude-3-5-sonnet-20241022-v2:0,,,77%,60%,4%,38%,37%,,,1282,$6.00,$3.00,$15.00,51.2,40.8,47.7,54.0,60.2,1.24,1.24,0.83,0.92,1.55,1.66,11.01,N/A,ModelProviders
,Claude 3.5 Sonnet (Oct) Vertex,200k,Yes,Yes,Proprietary,Yes,claude-3-5-sonnet-v2@20241022,,,77%,60%,4%,38%,37%,,,1282,$6.00,$3.00,$15.00,77.9,64.9,69.6,79.7,81.1,0.91,0.91,0.82,0.84,0.99,1.53,7.33,N/A,ModelProviders
,Claude 3.5 Sonnet (Oct),200k,Yes,Yes,Proprietary,Yes,claude-3-5-sonnet-20241022,,,77%,60%,4%,38%,37%,,,1282,$6.00,$3.00,$15.00,79.1,69.1,71.4,82.0,85.0,0.69,0.69,0.52,0.59,0.82,2.43,7.01,N/A,ModelProviders
,Claude 3.5 Sonnet (June),200k,Yes,No,Proprietary,No,anthropic.claude-3-5-sonnet-20240620-v1:0,,,75%,56%,4%,,32%,,,1268,$6.00,$3.00,$15.00,48.8,41.7,43.8,51.2,55.2,0.93,0.93,0.72,0.84,1.20,1.54,11.17,N/A,ModelProviders
,Claude 3.5 Sonnet (June) Vertex,200k,Yes,Yes,Proprietary,Yes,claude-3-5-sonnet,,,75%,56%,4%,,32%,,,1268,$6.00,$3.00,$15.00,80.3,69.3,74.2,82.7,84.6,0.91,0.91,0.80,0.84,1.00,1.22,7.14,N/A,ModelProviders
,Claude 3.5 Sonnet (June),200k,Yes,Yes,Proprietary,Yes,claude-3-5-sonnet-20240620,,,75%,56%,4%,,32%,,,1268,$6.00,$3.00,$15.00,77.9,66.6,70.9,80.9,84.5,0.64,0.64,0.49,0.54,0.82,1.05,7.06,N/A,ModelProviders
,Claude 3 Opus,200k,Yes,No,Proprietary,No,anthropic.claude-3-opus-20240229-v1:0,,,70%,49%,3%,28%,23%,,,1248,$30.00,$15.00,$75.00,26.9,23.8,24.9,27.8,29.0,1.20,1.20,1.15,1.18,1.28,1.33,19.76,N/A,ModelProviders
,Claude 3 Opus Vertex,200k,Yes,Yes,Proprietary,Yes,claude-3-opus@20240229,,,70%,49%,3%,28%,23%,,,1248,$30.00,$15.00,$75.00,21.3,18.8,20.7,21.9,22.8,2.35,2.35,1.98,2.15,2.53,2.65,25.86,N/A,ModelProviders
,Claude 3 Opus,200k,Yes,Yes,Proprietary,Yes,claude-3-opus-20240229,,,70%,49%,3%,28%,23%,,,1248,$30.00,$15.00,$75.00,28.7,23.8,27.3,29.8,31.9,0.98,0.98,0.87,0.93,1.07,1.13,18.42,N/A,ModelProviders
,Claude 3.5 Haiku Standard,200k,Yes,No,Proprietary,No,anthropic.claude-3-5-haiku-20241022-v1:0,,,63%,41%,4%,31%,27%,,,,$1.60,$0.80,$4.00,68.0,62.3,65.1,71.8,73.9,1.26,1.26,0.68,0.77,1.32,1.37,8.61,N/A,ModelProviders
,Claude 3.5 Haiku Latency Optimized,200k,Yes,No,Proprietary,No,us.anthropic.claude-3-5-haiku-20241022-v1:0,,,63%,41%,4%,31%,27%,,,,$2.00,$1.00,$5.00,88.7,76.8,83.0,95.5,101.5,0.59,0.59,0.48,0.51,0.63,1.10,6.22,N/A,ModelProviders
,Claude 3.5 Haiku Vertex,200k,Yes,Yes,Proprietary,Yes,claude-3-5-haiku@20241022,,,63%,41%,4%,31%,27%,,,,$1.60,$0.80,$4.00,64.7,58.0,60.4,67.0,70.0,0.80,0.80,0.73,0.76,0.81,0.84,8.53,N/A,ModelProviders
,Claude 3.5 Haiku,200k,Yes,Yes,Proprietary,Yes,claude-3-5-haiku-20241022,,,63%,41%,4%,31%,27%,,,,$1.60,$0.80,$4.00,66.0,58.3,64.9,67.5,68.5,0.55,0.55,0.51,0.54,0.58,0.64,8.12,N/A,ModelProviders
,Claude 3 Sonnet,200k,Yes,No,Proprietary,No,anthropic.claude-3-sonnet-20240229-v1:0,,,58%,40%,4%,18%,23%,,,1201,$6.00,$3.00,$15.00,71.6,59.6,63.3,76.7,80.3,0.70,0.70,0.62,0.65,0.75,0.98,7.68,N/A,ModelProviders
,Claude 3 Haiku,200k,Yes,No,Proprietary,No,anthropic.claude-3-haiku-20240307-v1:0,,,,,,15%,19%,,,1179,$0.50,$0.25,$1.25,110.5,91.0,104.2,118.6,122.7,1.01,1.01,0.47,0.56,1.03,1.13,5.53,N/A,ModelProviders
,Claude 3 Haiku,200k,Yes,Yes,Proprietary,Yes,claude-3-haiku-20240307,,,,,,15%,19%,,,1179,$0.50,$0.25,$1.25,145.4,119.2,130.4,149.6,161.5,0.39,0.39,0.27,0.31,0.82,10.78,3.83,N/A,ModelProviders
,Claude Instant,100k,No,No,Proprietary,No,anthropic.claude-instant-v1,,,43%,33%,4%,11%,,,,1111,$1.20,$0.80,$2.40,65.1,62.1,63.8,67.4,68.5,0.53,0.53,0.51,0.52,0.56,0.58,8.21,N/A,ModelProviders
,Claude 3.7 Sonnet Thinking,200k,Yes,No,Proprietary,No,us.anthropic.claude-3-7-sonnet-20250219-v1:0,,,84%,77%,10%,47%,40%,,,,$6.00,$3.00,$15.00,84.2,69.5,79.1,87.8,90.8,1.45,14.57,0.62,1.26,1.60,1.87,20.51,13.13,ModelProviders
,Claude 3.7 Sonnet Thinking,200k,Yes,Yes,Proprietary,Yes,claude-3-7-sonnet-20250219,,,84%,77%,10%,47%,40%,,,,$6.00,$3.00,$15.00,88.6,76.7,79.6,89.9,92.0,0.76,13.23,0.53,0.62,0.92,1.55,18.87,12.47,ModelProviders
,Claude 3.7 Sonnet,200k,Yes,No,Proprietary,No,us.anthropic.claude-3-7-sonnet-20250219-v1:0,,,80%,66%,5%,39%,38%,,21%,,$6.00,$3.00,$15.00,51.2,35.2,46.0,58.4,60.6,1.11,1.11,0.69,0.95,1.32,1.60,10.87,N/A,ModelProviders
,Claude 3.7 Sonnet Vertex,200k,Yes,Yes,Proprietary,Yes,claude-3-7-sonnet@20250219,,,80%,66%,5%,39%,38%,,21%,,$6.00,$3.00,$15.00,77.0,66.8,69.5,81.6,84.2,0.89,0.89,0.82,0.85,1.02,1.17,7.39,N/A,ModelProviders
,Claude 3.7 Sonnet,200k,Yes,Yes,Proprietary,Yes,claude-3-7-sonnet-20250219,,,80%,66%,5%,39%,38%,,21%,,$6.00,$3.00,$15.00,77.5,65.2,74.2,79.5,84.3,0.67,0.67,0.52,0.57,0.84,1.05,7.12,N/A,ModelProviders
,Claude 2.1,200k,No,No,Proprietary,No,anthropic.claude-v2:1,,,50%,32%,4%,20%,18%,,,1118,$12.00,$8.00,$24.00,29.4,27.7,28.8,30.4,31.5,1.67,1.67,1.56,1.62,1.89,2.12,18.70,N/A,ModelProviders
,Mistral Large 2 (Nov '24),131k,Yes,Yes,Open,No,mistral-large-2411,,,70%,49%,4%,29%,29%,,,,$3.00,$2.00,$6.00,45.6,16.3,34.3,49.5,51.5,0.39,0.39,0.34,0.37,0.43,0.85,11.35,N/A,ModelProviders
,Mistral Large 2 (Nov '24),128k,Yes,Yes,Open,Yes,Mistral-Large-2411,,,70%,49%,4%,29%,29%,,,,$3.00,$2.00,$6.00,48.9,43.4,46.2,49.6,50.0,0.46,0.46,0.39,0.44,0.49,0.56,10.69,N/A,ModelProviders
,Mistral Large 2 (Jul '24),131k,Yes,Yes,Open,No,mistral-large-2407,,,68%,47%,3%,27%,27%,,,1251,$3.00,$2.00,$6.00,90.6,72.5,84.6,94.7,98.9,0.44,0.44,0.40,0.42,0.45,0.68,5.96,N/A,ModelProviders
,Mistral Large 2 (Jul '24),128k,Yes,No,Open,No,mistral.mistral-large-2407-v1:0,,,68%,47%,3%,27%,27%,,,1251,$3.00,$2.00,$6.00,33.8,28.7,32.5,34.4,35.2,0.45,0.45,0.41,0.43,0.49,0.67,15.24,N/A,ModelProviders
,Pixtral Large,131k,Yes,Yes,Open,No,pixtral-large-2411,,,70%,51%,4%,26%,29%,,,,$3.00,$2.00,$6.00,87.2,52.9,74.3,92.4,99.3,0.41,0.41,0.36,0.38,0.43,0.50,6.14,N/A,ModelProviders
,Mistral Small 3,33k,Yes,Yes,Open,No,mistral-small-2501,,,65%,46%,4%,25%,24%,,,,$0.15,$0.10,$0.30,75.7,19.5,42.5,100.5,130.7,0.35,0.35,0.28,0.33,0.40,1.08,6.96,N/A,ModelProviders
,Mistral Small 3,33k,No,Yes,Open,Yes,mistralai/Mistral-Small-24B-Instruct-2501,,,65%,46%,4%,25%,24%,,,,$0.06,$0.05,$0.08,76.3,62.6,70.2,78.6,82.1,0.24,0.24,0.17,0.22,0.29,0.57,6.79,N/A,ModelProviders
,Mistral Small 3,33k,Yes,No,Open,Yes,mistralai/Mistral-Small-24B-Instruct-2501,,,65%,46%,4%,25%,24%,,,,$0.80,$0.80,$0.80,94.4,89.3,89.9,98.0,101.7,0.18,0.18,0.16,0.17,0.19,0.33,5.47,N/A,ModelProviders
,Mistral Small (Sep '24),33k,Yes,Yes,Open,No,mistral-small-2409,,,53%,38%,4%,14%,16%,,,,$0.30,$0.20,$0.60,94.6,79.7,88.3,99.6,103.4,0.32,0.32,0.29,0.30,0.35,0.60,5.60,N/A,ModelProviders
,Mixtral 8x22B,66k,Yes,Yes,Open,No,open-mixtral-8x22b,,,54%,33%,4%,15%,19%,,,1148,$3.00,$2.00,$6.00,50.0,37.3,42.6,53.4,62.1,0.37,0.37,0.34,0.35,0.40,0.63,10.37,N/A,ModelProviders
,Mixtral 8x22B,66k,Yes,Yes,Open,Yes,accounts/fireworks/models/mixtral-8x22b-instruct,,,54%,33%,4%,15%,19%,,,1148,$1.20,$1.20,$1.20,95.9,46.4,80.0,104.8,111.3,0.34,0.34,0.28,0.31,0.44,0.74,5.55,N/A,ModelProviders
,Mistral Small (Feb '24),131k,Yes,Yes,Proprietary,No,mistral-small-latest,,,42%,30%,4%,11%,13%,,,,$1.50,$1.00,$3.00,205.5,126.3,169.4,209.7,219.7,0.31,0.31,0.28,0.29,0.34,0.42,2.74,N/A,ModelProviders
,Mistral Small (Feb '24),33k,Yes,Yes,Proprietary,Yes,Mistral-small,,,42%,30%,4%,11%,13%,,,,$1.50,$1.00,$3.00,87.0,83.5,84.5,87.9,88.7,0.39,0.39,0.35,0.38,0.41,0.44,6.14,N/A,ModelProviders
,Mistral Large (Feb '24),33k,Yes,No,Proprietary,No,mistral.mistral-large-2402-v1:0,,,52%,35%,3%,18%,21%,,,1157,$6.00,$4.00,$12.00,45.2,42.4,44.3,45.7,46.1,0.40,0.40,0.36,0.38,0.44,0.47,11.45,N/A,ModelProviders
,Pixtral 12B,131k,Yes,Yes,Open,No,pixtral-12b-2409,,,47%,34%,5%,12%,14%,,,,$0.15,$0.15,$0.15,104.4,93.8,102.0,107.4,111.1,0.30,0.30,0.29,0.29,0.32,0.35,5.09,N/A,ModelProviders
,Pixtral 12B,33k,No,No,Open,Yes,mistralai/Pixtral-12B-2409,,,47%,34%,5%,12%,14%,,,,$0.10,$0.10,$0.10,114.0,54.2,107.7,115.3,120.0,0.58,0.58,0.41,0.45,0.61,0.65,4.97,N/A,ModelProviders
,Mistral NeMo,131k,Yes,Yes,Open,No,open-mistral-nemo-2407,,,40%,31%,4%,6%,10%,,,,$0.15,$0.15,$0.15,175.1,142.1,157.1,190.9,198.0,0.28,0.28,0.27,0.28,0.32,0.58,3.14,N/A,ModelProviders
,Mistral NeMo (FP8),131k,Yes,No,Open,Yes,parasail-mistral-nemo,,,40%,31%,4%,6%,10%,,,,$0.11,$0.11,$0.11,116.7,103.4,112.0,121.7,133.2,0.36,0.36,0.25,0.29,0.40,0.43,4.65,N/A,ModelProviders
,Mistral NeMo Base,128k,Yes,Yes,Open,Yes,mistralai/Mistral-Nemo-Instruct-2407,,,40%,31%,4%,6%,10%,,,,$0.06,$0.04,$0.12,31.0,26.9,28.9,35.5,41.9,0.61,0.61,0.54,0.56,0.70,5.31,16.75,N/A,ModelProviders
,Mistral NeMo,131k,Yes,No,Open,Yes,mistralai/Mistral-Nemo-Instruct-2407,,,40%,31%,4%,6%,10%,,,,$0.03,$0.02,$0.04,48.4,35.9,39.9,51.3,55.5,0.53,0.53,0.17,0.42,0.57,0.91,10.85,N/A,ModelProviders
,Mixtral 8x7B,33k,No,Yes,Open,No,open-mixtral-8x7b,,,39%,29%,5%,7%,3%,,,1114,$0.70,$0.70,$0.70,76.0,55.8,64.8,87.0,105.8,0.35,0.35,0.33,0.34,0.38,0.59,6.93,N/A,ModelProviders
,Mixtral 8x7B,33k,No,Yes,Open,Yes,mistralai/Mixtral-8x7B-Instruct-v0.1,,,39%,29%,5%,7%,3%,,,1114,$0.12,$0.08,$0.24,89.9,62.9,79.8,100.3,104.1,0.28,0.28,0.15,0.18,0.51,0.57,5.84,N/A,ModelProviders
,Mixtral 8x7B,33k,Yes,No,Open,Yes,mistralai/Mixtral-8x7B-Instruct-v0.1,,,39%,29%,5%,7%,3%,,,1114,$0.60,$0.60,$0.60,83.5,51.8,63.3,97.0,104.7,0.17,0.17,0.14,0.15,0.20,0.41,6.16,N/A,ModelProviders
,Mistral 7B,33k,Yes,Yes,Open,No,open-mistral-7b,,,25%,18%,4%,5%,2%,,,1008,$0.25,$0.25,$0.25,124.7,93.6,107.0,127.4,130.3,0.29,0.29,0.27,0.28,0.31,0.38,4.30,N/A,ModelProviders
,Mistral 7B,8k,No,No,Open,No,mistral.mistral-7b-instruct-v0:2,,,25%,18%,4%,5%,2%,,,1008,$0.16,$0.15,$0.20,94.0,90.1,91.9,94.5,95.1,0.33,0.33,0.29,0.31,0.35,0.40,5.65,N/A,ModelProviders
,Mistral 7B,33k,Yes,No,Open,Yes,mistralai/Mistral-7B-Instruct-v0.3,,,25%,18%,4%,5%,2%,,,1008,$0.03,$0.03,$0.05,106.8,51.8,95.4,115.9,120.5,0.51,0.51,0.19,0.48,0.52,0.58,5.19,N/A,ModelProviders
,Mistral 7B,33k,No,No,Open,Yes,mistralai/mistral-7b-instruct,,,25%,18%,4%,5%,2%,,,1008,$0.04,$0.03,$0.06,123.1,114.4,119.7,124.6,125.4,0.85,0.85,0.79,0.81,0.89,1.02,4.91,N/A,ModelProviders
,Mistral 7B,33k,No,No,Open,Yes,mistralai/Mistral-7B-Instruct-v0.3,,,25%,18%,4%,5%,2%,,,1008,$0.20,$0.20,$0.20,176.3,154.8,166.0,182.3,189.0,0.15,0.15,0.14,0.14,0.19,0.23,2.99,N/A,ModelProviders
,Mistral Medium,131k,Yes,Yes,Proprietary,No,mistral-medium-latest,,,49%,35%,3%,10%,12%,,,1148,$4.09,$2.75,$8.10,90.8,73.2,87.4,94.5,104.6,0.42,0.42,0.34,0.37,0.45,0.69,5.92,N/A,ModelProviders
,Mistral Small 3.1,131k,Yes,Yes,Open,No,mistral-small-2503,,,66%,45%,5%,21%,27%,,,,$0.15,$0.10,$0.30,151.5,135.9,147.4,158.2,177.3,0.29,0.29,0.26,0.27,0.30,0.66,3.59,N/A,ModelProviders
,Mistral Small 3.1,128k,Yes,No,Open,Yes,parasail-mistral-small-31-24b-instruct,,,66%,45%,5%,21%,27%,,,,$0.15,$0.10,$0.30,62.7,59.6,61.8,65.3,68.1,0.41,0.41,0.32,0.37,0.44,0.57,8.38,N/A,ModelProviders
,Mistral Small 3.1 Vertex,128k,Yes,No,Open,Yes,mistralai/mistral-small-2503,,,66%,45%,5%,21%,27%,,,,$0.15,$0.10,$0.30,203.5,169.1,192.1,232.9,243.6,0.17,0.17,0.14,0.16,0.19,0.23,2.63,N/A,ModelProviders
,Mistral Saba,33k,Yes,Yes,Proprietary,No,mistral-saba-latest,,,61%,42%,4%,,24%,,,,$0.30,$0.20,$0.60,98.1,90.0,96.4,100.3,106.8,0.32,0.32,0.29,0.30,0.33,0.36,5.42,N/A,ModelProviders
,Devstral Small (May '25),131k,Yes,Yes,Open,No,devstral-small-2505,,,63%,43%,4%,26%,25%,,,,$0.15,$0.10,$0.30,109.5,52.9,72.3,131.0,146.9,0.38,0.38,0.31,0.34,0.41,0.60,4.95,N/A,ModelProviders
,Devstral Small (May '25),128k,Yes,No,Open,Yes,mistralai/Devstral-Small-2505,,,63%,43%,4%,26%,25%,,,,$0.07,$0.06,$0.12,64.7,62.6,63.6,65.9,67.3,0.54,0.54,0.49,0.52,0.58,0.78,8.27,N/A,ModelProviders
,DeepSeek R1 Distill Llama 70B,128k,Yes,No,Open,Yes,deepseek-llama3.3-70b,,,80%,40%,6%,27%,31%,,,,$0.30,$0.20,$0.60,76.7,74.5,75.9,76.9,77.1,0.29,26.37,0.23,0.27,0.32,0.37,32.89,26.08,ModelProviders
,DeepSeek R1 Distill Llama 70B,66k,Yes,Yes,Open,Yes,deepseek-r1-distill-llama-70b,,,80%,40%,6%,27%,31%,,,,$0.94,$0.85,$1.20,"2,306.4","1,423.6","1,842.5","2,488.4","2,792.0",0.21,1.07,0.19,0.20,0.23,0.40,1.29,0.87,ModelProviders
,DeepSeek R1 Distill Llama 70B Base,128k,Yes,Yes,Open,Yes,deepseek-ai/DeepSeek-R1-Distill-Llama-70B,,,80%,40%,6%,27%,31%,,,,$0.38,$0.25,$0.75,60.0,56.5,59.2,60.6,60.8,0.57,33.88,0.51,0.54,0.61,0.76,42.21,33.31,ModelProviders
,DeepSeek R1 Distill Llama 70B,131k,No,No,Open,Yes,deepseek-ai/DeepSeek-R1-Distill-Llama-70B,,,80%,40%,6%,27%,31%,,,,$0.17,$0.10,$0.40,33.4,19.5,29.6,34.3,35.5,0.31,60.13,0.24,0.28,0.55,0.74,75.09,59.82,ModelProviders
,DeepSeek R1 Distill Llama 70B,32k,No,No,Open,Yes,deepseek/deepseek-r1-distill-llama-70b,,,80%,40%,6%,27%,31%,,,,$0.80,$0.80,$0.80,32.7,17.6,26.0,34.6,35.7,0.48,61.65,0.39,0.43,0.73,0.91,76.94,61.16,ModelProviders
,DeepSeek R1 Distill Llama 70B,131k,No,Yes,Open,Yes,deepseek-ai/DeepSeek-R1-Distill-Llama-70B,,,80%,40%,6%,27%,31%,,,,$0.38,$0.25,$0.75,35.9,34.2,35.4,36.0,36.1,1.07,56.76,0.93,1.01,1.64,2.04,70.68,55.69,ModelProviders
,DeepSeek R1 Distill Llama 70B,131k,Yes,Yes,Open,Yes,deepseek-r1-distill-llama-70b,,,80%,40%,6%,27%,31%,,,,$0.81,$0.75,$0.99,386.4,318.7,359.1,421.7,470.6,0.18,5.36,0.16,0.17,0.20,0.22,6.65,5.18,ModelProviders
,DeepSeek R1 Distill Llama 70B,131k,No,No,Open,Yes,DeepSeek-R1-Distill-Llama-70B,,,80%,40%,6%,27%,31%,,,,$0.88,$0.70,$1.40,313.4,251.7,288.6,348.7,365.9,1.62,8.01,1.41,1.53,1.71,1.84,9.60,6.38,ModelProviders
,DeepSeek R1 Distill Llama 70B,131k,No,No,Open,Yes,deepseek-ai/DeepSeek-R1-Distill-Llama-70B,,,80%,40%,6%,27%,31%,,,,$2.00,$2.00,$2.00,124.6,88.2,119.3,128.7,131.1,0.36,16.41,0.33,0.34,0.40,0.68,20.42,16.05,ModelProviders
,DeepSeek R1 Distill Qwen 32B,131k,No,Yes,Open,Yes,deepseek-ai/DeepSeek-R1-Distill-Qwen-32B,,,74%,62%,6%,27%,38%,,,,$0.09,$0.07,$0.15,48.0,44.8,47.3,48.7,49.4,0.55,42.18,0.21,0.27,0.59,1.60,52.59,41.64,ModelProviders
,DeepSeek R1 Distill Qwen 32B,64k,No,No,Open,Yes,deepseek/deepseek-r1-distill-qwen-32b,,,74%,62%,6%,27%,38%,,,,$0.30,$0.30,$0.30,21.5,19.5,20.9,21.7,21.9,1.27,94.14,1.23,1.25,1.31,1.58,117.35,92.86,ModelProviders
,DeepSeek V3 (Dec '24) (FP8),131k,No,No,Open,Yes,deepseek-ai/DeepSeek-V3,,,75%,56%,4%,36%,35%,,,,$0.25,$0.25,$0.25,59.4,31.4,39.6,71.6,91.4,1.60,1.60,0.95,1.23,1.82,2.46,10.02,N/A,ModelProviders
,DeepSeek V3 (Dec '24),128k,Yes,Yes,Open,Yes,deepseek-ai/DeepSeek-V3,,,75%,56%,4%,36%,35%,,,,$0.75,$0.50,$1.50,32.2,28.1,30.7,32.8,33.9,0.63,0.63,0.58,0.60,0.66,0.80,16.15,N/A,ModelProviders
,DeepSeek V3 (Dec '24),128k,No,Yes,Open,Yes,DeepSeek-V3-Global-Standard,,,75%,56%,4%,36%,35%,,,,$2.00,$1.14,$4.56,85.5,47.5,80.3,86.2,87.2,0.67,0.67,0.43,0.48,0.72,61.36,6.52,N/A,ModelProviders
,DeepSeek V3 (Dec '24),131k,Yes,Yes,Open,Yes,accounts/fireworks/models/deepseek-v3,,,75%,56%,4%,36%,35%,,,,$1.31,$0.75,$3.00,137.0,105.8,125.1,156.3,168.2,0.52,0.52,0.42,0.46,0.69,0.91,4.17,N/A,ModelProviders
,DeepSeek V3 (Dec '24),164k,Yes,No,Open,Yes,deepseek-ai/DeepSeek-V3,,,75%,56%,4%,36%,35%,,,,$0.51,$0.38,$0.89,76.8,0.0,3.1,109.3,126.9,0.35,0.35,0.24,0.30,0.49,992.04,6.85,N/A,ModelProviders
,DeepSeek V3 (Dec '24) Turbo,64k,Yes,No,Open,Yes,deepseek/deepseek-v3-turbo,,,75%,56%,4%,36%,35%,,,,$0.63,$0.40,$1.30,31.3,27.0,29.5,32.7,35.4,1.05,1.05,0.75,0.87,1.47,1.73,17.02,N/A,ModelProviders
,DeepSeek V3 (Dec '24),64k,Yes,No,Open,Yes,deepseek/deepseek_v3,,,75%,56%,4%,36%,35%,,,,$0.89,$0.89,$0.89,31.7,27.1,29.2,34.3,38.3,1.20,1.20,0.73,0.87,1.61,1.88,16.97,N/A,ModelProviders
,DeepSeek V3 (Dec '24),128k,Yes,Yes,Open,Yes,deepseek-ai/DeepSeek-V3,,,75%,56%,4%,36%,35%,,,,$1.25,$1.25,$1.25,115.7,70.7,94.3,137.5,152.1,0.47,0.47,0.40,0.42,0.53,0.63,4.79,N/A,ModelProviders
,DeepSeek R1 Distill Qwen 14B,64k,No,No,Open,Yes,deepseek/deepseek-r1-distill-qwen-14b,,,74%,48%,4%,38%,24%,,,,$0.15,$0.15,$0.15,45.7,45.2,45.4,46.0,46.1,0.94,44.67,0.90,0.92,0.97,1.07,55.60,43.73,ModelProviders
,DeepSeek R1 Distill Qwen 14B,131k,No,Yes,Open,Yes,deepseek-ai/DeepSeek-R1-Distill-Qwen-14B,,,74%,48%,4%,38%,24%,,,,$0.20,$0.20,$0.20,85.3,83.9,84.6,85.7,86.5,0.82,24.27,0.77,0.81,1.47,2.05,30.13,23.45,ModelProviders
,DeepSeek R1 Distill Qwen 14B,131k,No,No,Open,Yes,deepseek-ai/DeepSeek-R1-Distill-Qwen-14B,,,74%,48%,4%,38%,24%,,,,$1.60,$1.60,$1.60,168.9,125.3,164.8,169.7,171.3,0.29,12.13,0.25,0.26,0.39,0.45,15.09,11.84,ModelProviders
,DeepSeek R1 Distill Llama 8B,32k,No,No,Open,Yes,deepseek/deepseek-r1-distill-llama-8b,,,54%,30%,4%,23%,12%,,,,$0.04,$0.04,$0.04,42.8,30.8,40.6,48.9,50.9,0.78,47.49,0.74,0.76,0.81,0.98,59.17,46.71,ModelProviders
,DeepSeek R1 (Jan '25),164k,Yes,No,Open,Yes,deepseek-r1-671b,,,84%,71%,9%,62%,36%,,,,$0.95,$0.54,$2.18,51.5,47.3,49.2,55.0,57.1,0.32,45.91,0.29,0.31,0.34,0.63,55.62,45.59,ModelProviders
,DeepSeek R1 (Jan '25),164k,No,No,Open,Yes,deepseek-ai/DeepSeek-R1,,,84%,71%,9%,62%,36%,,,,$2.00,$2.00,$2.00,59.1,33.8,51.8,90.6,96.9,1.29,41.04,0.98,1.14,1.60,1.86,49.50,39.74,ModelProviders
,DeepSeek R1 (Jan '25),128k,No,No,Open,No,us.deepseek.r1-v1:0,,,84%,71%,9%,62%,36%,,,,$2.36,$1.35,$5.40,213.7,186.3,202.8,226.1,240.6,0.39,11.38,0.36,0.37,0.40,0.44,13.72,10.98,ModelProviders
,DeepSeek R1 (Jan '25) Base,128k,Yes,Yes,Open,Yes,deepseek-ai/DeepSeek-R1,,,84%,71%,9%,62%,36%,,,,$1.20,$0.80,$2.40,34.7,33.2,34.2,35.2,36.1,0.60,68.23,0.57,0.59,0.63,0.81,82.64,67.63,ModelProviders
,DeepSeek R1 (Jan '25) Fast,128k,Yes,Yes,Open,Yes,deepseek-ai/DeepSeek-R1-fast,,,84%,71%,9%,62%,36%,,,,$3.00,$2.00,$6.00,84.1,53.7,80.3,86.6,88.4,0.63,28.55,0.60,0.61,0.67,0.80,34.50,27.92,ModelProviders
,DeepSeek R1 (Jan '25),128k,No,No,Open,Yes,DeepSeek-R1-eastus2-aa,,,84%,71%,9%,62%,36%,,,,$2.36,$1.35,$5.40,116.4,108.4,112.8,119.5,124.6,0.59,20.76,0.43,0.51,0.74,0.85,25.06,20.17,ModelProviders
,DeepSeek R1 (Jan '25) (Fast),164k,No,Yes,Open,Yes,accounts/fireworks/models/deepseek-r1,,,84%,71%,9%,62%,36%,,,,$4.25,$3.00,$8.00,113.7,92.4,100.5,126.5,139.5,0.58,21.23,0.48,0.52,0.61,0.86,25.63,20.65,ModelProviders
,DeepSeek R1 (Jan '25) (Base),164k,Yes,Yes,Open,Yes,accounts/fireworks/models/deepseek-r1-basic,,,84%,71%,9%,62%,36%,,,,$0.96,$0.55,$2.19,79.7,54.2,64.6,89.4,108.6,0.53,29.98,0.43,0.47,0.61,0.72,36.25,29.44,ModelProviders
,"DeepSeek R1 (Jan '25) (Turbo, FP4)",164k,Yes,No,Open,Yes,deepseek-ai/DeepSeek-R1-Turbo,,,84%,71%,9%,62%,36%,,,,$1.50,$1.00,$3.00,126.8,97.8,110.0,152.5,182.6,0.27,18.77,0.22,0.23,0.30,0.45,22.71,18.50,ModelProviders
,DeepSeek R1 (Jan '25),164k,Yes,No,Open,Yes,deepseek-ai/DeepSeek-R1,,,84%,71%,9%,62%,36%,,,,$0.88,$0.45,$2.15,116.7,73.7,94.8,148.6,183.0,0.28,20.39,0.23,0.25,0.40,0.86,24.67,20.11,ModelProviders
,DeepSeek R1 (Jan '25) Turbo,64k,Yes,No,Open,Yes,deepseek/deepseek-r1-turbo,,,84%,71%,9%,62%,36%,,,,$1.15,$0.70,$2.50,32.1,28.4,30.1,33.6,35.0,0.75,73.87,0.67,0.70,0.95,1.80,89.44,73.11,ModelProviders
,DeepSeek R1 (Jan '25),64k,Yes,No,Open,Yes,deepseek/deepseek-r1,,,84%,71%,9%,62%,36%,,,,$4.00,$4.00,$4.00,31.7,27.9,29.7,34.0,35.7,0.75,74.71,0.66,0.69,0.95,1.39,90.46,73.95,ModelProviders
,DeepSeek R1 (Jan '25),128k,Yes,No,Open,Yes,deepseek-ai/DeepSeek-R1,,,84%,71%,9%,62%,36%,,,,$4.00,$3.00,$7.00,336.7,219.2,280.1,372.9,414.9,0.56,7.53,0.42,0.49,0.63,0.81,9.01,6.97,ModelProviders
,Sonar Pro,200k,No,No,Proprietary,Yes,sonar-pro,,,76%,58%,8%,28%,23%,,,,$6.00,$3.00,$15.00,105.4,74.7,91.3,113.5,127.3,2.20,2.20,1.81,1.99,2.60,3.38,6.94,N/A,ModelProviders
,Sonar,127k,No,No,Proprietary,Yes,sonar,,,69%,47%,7%,30%,23%,,,,$1.00,$1.00,$1.00,99.4,57.8,69.7,140.6,199.5,2.11,2.11,1.65,1.79,2.60,2.92,7.14,N/A,ModelProviders
,Sonar Reasoning,127k,No,No,Proprietary,Yes,sonar-reasoning,,,,62%,,,,,,,$2.00,$1.00,$5.00,74.2,70.8,73.4,74.9,76.3,1.78,28.75,1.32,1.53,2.15,2.51,35.49,26.97,ModelProviders
,Phi-3 Medium 14B,128k,No,No,Open,Yes,Phi-3-medium-128k-instruct,,,54%,33%,5%,15%,12%,,,1123,$0.30,$0.17,$0.68,52.8,51.2,51.7,53.8,54.8,0.42,0.42,0.39,0.41,0.44,0.46,9.88,N/A,ModelProviders
,Phi-4 Mini,128k,Yes,No,Open,Yes,Phi-4-mini-instruct-hezpk,,,47%,33%,4%,13%,11%,,,,$0.00,$0.00,$0.00,57.0,31.0,54.7,58.2,60.2,0.33,0.33,0.29,0.31,0.34,0.40,9.09,N/A,ModelProviders
,LFM 40B,32k,Yes,No,Proprietary,Yes,lfm-40b,,,43%,33%,5%,10%,7%,,,,$0.15,$0.15,$0.15,162.1,130.0,151.3,165.8,169.3,0.15,0.15,0.14,0.15,0.18,0.20,3.23,N/A,ModelProviders
,Solar Mini,4k,Yes,No,Open,Yes,solar-1-mini-chat,,,,,,,,,,1062,$0.15,$0.15,$0.15,90.0,80.0,85.0,98.0,101.3,1.11,1.11,1.04,1.06,1.14,1.51,6.66,N/A,ModelProviders
,Reka Flash,128k,Yes,No,Proprietary,No,reka-flash-20240904,,,,,,,,,,,$0.35,$0.20,$0.80,85.4,82.5,84.1,85.8,87.5,1.28,1.28,1.21,1.25,1.31,1.68,7.14,N/A,ModelProviders
,Reka Core,128k,No,No,Proprietary,No,reka-core,,,,,,,,,,1199,$2.00,$2.00,$2.00,49.8,41.6,49.0,50.0,50.3,1.38,1.38,1.33,1.35,1.39,1.41,11.42,N/A,ModelProviders
,Reka Flash (Feb '24),128k,Yes,No,Proprietary,No,reka-flash-20240226,,,,,,,,,,1165,$0.35,$0.20,$0.80,85.4,80.2,83.9,86.1,87.6,1.26,1.26,1.21,1.24,1.31,1.41,7.11,N/A,ModelProviders
,Reka Edge,128k,No,No,Proprietary,No,reka-edge,,,,,,,,,,,$0.10,$0.10,$0.10,86.1,82.3,83.4,86.5,87.0,1.16,1.16,1.09,1.14,1.19,1.26,6.97,N/A,ModelProviders
,Hermes 3 - Llama-3.1 70B,131k,Yes,No,Open,Yes,NousResearch/Hermes-3-Llama-3.1-70B,,,57%,40%,4%,19%,23%,,,,$0.14,$0.10,$0.28,33.9,29.8,32.4,37.2,44.9,0.31,0.31,0.25,0.28,0.46,0.68,15.07,N/A,ModelProviders
,Command-R+,128k,Yes,No,Open,No,cohere.command-r-plus-v1:0,,,43%,34%,5%,11%,12%,,,1215,$6.00,$3.00,$15.00,47.3,45.7,46.7,48.1,49.6,0.48,0.48,0.46,0.47,0.50,0.54,11.05,N/A,ModelProviders
,Command-R+,128k,Yes,Yes,Open,No,command-r-plus-08-2024,,,43%,34%,5%,11%,12%,,,1215,$4.38,$2.50,$10.00,49.4,45.0,47.7,50.3,51.3,0.28,0.28,0.25,0.26,0.29,0.35,10.39,N/A,ModelProviders
,Command-R+ (Apr '24),128k,Yes,No,Open,No,cohere.command-r-plus-v1:0,,,43%,32%,5%,12%,12%,,,1190,$6.00,$3.00,$15.00,48.0,44.9,46.3,48.4,49.7,0.49,0.49,0.47,0.48,0.52,0.67,10.91,N/A,ModelProviders
,Command-R+ (Apr '24),128k,Yes,Yes,Open,No,command-r-plus-04-2024,,,43%,32%,5%,12%,12%,,,1190,$6.00,$3.00,$15.00,55.3,44.6,51.1,63.9,66.6,0.22,0.22,0.20,0.21,0.23,0.32,9.25,N/A,ModelProviders
,Command-R,128k,Yes,No,Open,No,cohere.command-r-v1:0,,,34%,29%,5%,4%,9%,,,1179,$0.75,$0.50,$1.50,108.1,103.2,105.7,110.1,112.2,0.34,0.34,0.31,0.33,0.35,0.38,4.97,N/A,ModelProviders
,Command-R,128k,Yes,Yes,Open,No,command-r-08-2024,,,34%,29%,5%,4%,9%,,,1179,$0.26,$0.15,$0.60,74.9,71.7,74.0,79.2,81.3,0.19,0.19,0.18,0.19,0.21,0.30,6.87,N/A,ModelProviders
,Command-R (Mar '24),128k,Yes,No,Open,No,cohere.command-r-v1:0,,,34%,28%,5%,5%,6%,,,1149,$0.75,$0.50,$1.50,110.3,101.5,106.6,111.6,113.0,0.35,0.35,0.31,0.33,0.36,0.38,4.88,N/A,ModelProviders
,Command-R (Mar '24),128k,Yes,Yes,Open,No,command-r-03-2024,,,34%,28%,5%,5%,6%,,,1149,$0.75,$0.50,$1.50,172.1,148.7,166.1,179.2,182.9,0.14,0.14,0.13,0.13,0.16,0.19,3.05,N/A,ModelProviders
,Jamba 1.6 Mini,256k,Yes,Yes,Open,No,jamba-mini,,,37%,30%,5%,7%,10%,,,,$0.25,$0.20,$0.40,164.6,153.5,156.6,169.3,170.7,0.73,0.73,0.58,0.66,0.80,0.91,3.77,N/A,ModelProviders
,Jamba 1.5 Large,256k,Yes,Yes,Open,Yes,AI21-Jamba-1-5-Large,,,57%,43%,4%,14%,16%,,,1221,$3.50,$2.00,$8.00,50.6,48.5,49.9,51.7,51.9,0.67,0.67,0.62,0.64,0.69,0.75,10.54,N/A,ModelProviders
,Jamba 1.5 Mini,256k,Yes,Yes,Open,Yes,AI21-Jamba-1-5-Mini,,,37%,30%,5%,6%,8%,,,1176,$0.25,$0.20,$0.40,82.1,76.9,81.0,83.7,84.5,0.48,0.48,0.45,0.47,0.49,0.51,6.57,N/A,ModelProviders
,Jamba 1.6 Large,256k,Yes,Yes,Open,No,jamba-large,,,56%,39%,4%,17%,18%,,,,$3.50,$2.00,$8.00,52.8,39.9,46.9,57.2,61.6,0.81,0.81,0.62,0.74,0.89,0.98,10.28,N/A,ModelProviders
,Qwen2.5 Max,32k,Yes,Yes,Proprietary,Yes,qwen-max-2025-01-25,,,76%,59%,5%,36%,34%,,,,$2.80,$1.60,$6.40,39.4,31.8,37.2,43.6,47.9,1.46,1.46,1.23,1.34,1.70,1.80,14.15,N/A,ModelProviders
,Qwen2.5 72B,131k,No,No,Open,Yes,Qwen/Qwen2.5-72B-Instruct,,,72%,49%,4%,28%,27%,,,1259,$0.40,$0.40,$0.40,110.2,46.7,93.0,125.6,133.5,0.95,0.95,0.75,0.81,1.03,1.10,5.48,N/A,ModelProviders
,Qwen2.5 72B,131k,Yes,Yes,Open,Yes,Qwen/Qwen2.5-72B-Instruct,,,72%,49%,4%,28%,27%,,,1259,$0.20,$0.13,$0.40,34.0,18.8,29.6,35.8,38.8,0.66,0.66,0.60,0.63,0.72,1.29,15.38,N/A,ModelProviders
,Qwen2.5 72B Fast,131k,Yes,Yes,Open,Yes,Qwen/Qwen2.5-72B-Instruct-fast,,,72%,49%,4%,28%,27%,,,1259,$0.38,$0.25,$0.75,70.0,54.9,66.7,70.4,70.9,0.54,0.54,0.50,0.51,0.58,0.76,7.69,N/A,ModelProviders
,Qwen2.5 72B,33k,Yes,Yes,Open,Yes,Qwen/Qwen2.5-72B-Instruct,,,72%,49%,4%,28%,27%,,,1259,$0.19,$0.12,$0.39,35.8,21.8,33.3,42.5,45.8,0.60,0.60,0.21,0.57,0.84,13.27,14.56,N/A,ModelProviders
,Qwen2.5 72B Turbo,131k,Yes,No,Open,Yes,Qwen/Qwen2.5-72B-Instruct-Turbo,,,72%,49%,4%,28%,27%,,,1259,$1.20,$1.20,$1.20,117.8,24.9,100.1,124.0,138.6,0.34,0.34,0.23,0.27,0.40,0.76,4.59,N/A,ModelProviders
,Qwen2.5 72B,131k,Yes,Yes,Open,Yes,qwen2.5-72b-instruct,,,72%,49%,4%,28%,27%,,,1259,$0.00,$0.00,$0.00,58.3,57.0,58.0,58.6,58.8,1.39,1.39,1.12,1.22,1.64,2.18,9.97,N/A,ModelProviders
,Qwen2.5 Coder 32B,33k,Yes,No,Open,Yes,qwen25-coder-32b-instruct,,,64%,42%,4%,30%,27%,,,1220,$0.09,$0.07,$0.16,45.1,43.9,44.7,45.4,45.7,0.29,0.29,0.28,0.28,0.32,0.39,11.37,N/A,ModelProviders
,Qwen2.5 Coder 32B,33k,No,No,Open,Yes,Qwen/Qwen2.5-Coder-32B-Instruct,,,64%,42%,4%,30%,27%,,,1220,$0.20,$0.20,$0.20,55.5,45.0,53.7,57.5,59.5,1.79,1.79,1.09,1.43,2.19,2.69,10.80,N/A,ModelProviders
,Qwen2.5 Coder 32B,33k,No,No,Open,Yes,Qwen/Qwen2.5-Coder-32B-Instruct,,,64%,42%,4%,30%,27%,,,1220,$0.08,$0.06,$0.15,52.7,44.6,51.7,53.5,54.1,0.36,0.36,0.21,0.25,0.49,0.58,9.85,N/A,ModelProviders
,Qwen2.5 Coder 32B,33k,Yes,No,Open,Yes,Qwen/Qwen2.5-Coder-32B-Instruct,,,64%,42%,4%,30%,27%,,,1220,$0.80,$0.80,$0.80,98.2,88.1,96.1,99.0,100.3,0.22,0.22,0.19,0.20,0.24,0.35,5.31,N/A,ModelProviders
,Qwen2.5 Turbo,1m,Yes,Yes,Proprietary,Yes,qwen-turbo,,,63%,41%,4%,16%,15%,,,,$0.09,$0.05,$0.20,84.1,66.6,80.0,93.6,102.7,1.23,1.23,0.96,1.06,1.36,1.76,7.18,N/A,ModelProviders
,Qwen2 72B,33k,No,No,Open,Yes,Qwen/Qwen2-72B-Instruct,,,62%,37%,4%,16%,23%,,,1187,$0.90,$0.90,$0.90,41.9,35.0,39.3,43.3,43.8,0.31,0.31,0.22,0.24,0.47,0.80,12.25,N/A,ModelProviders
,Qwen2 72B,131k,Yes,Yes,Open,Yes,qwen2-72b-instruct,,,62%,37%,4%,16%,23%,,,1187,$0.00,$0.00,$0.00,31.0,30.6,30.8,31.1,31.2,1.44,1.44,1.25,1.31,1.57,1.79,17.58,N/A,ModelProviders
,QwQ 32B-Preview,33k,No,No,Open,Yes,Qwen/QwQ-32B-Preview,,,65%,56%,5%,34%,4%,,,,$0.14,$0.12,$0.18,47.7,42.4,46.9,48.4,49.7,0.54,42.44,0.20,0.25,0.59,1.01,52.92,41.90,ModelProviders
,QwQ 32B-Preview,33k,Yes,No,Open,Yes,Qwen/QwQ-32B-Preview,,,65%,56%,5%,34%,4%,,,,$1.20,$1.20,$1.20,96.8,85.2,95.1,97.6,98.3,0.66,21.32,0.50,0.55,0.85,1.33,26.49,20.66,ModelProviders
,Qwen3 0.6B (Reasoning),33k,Yes,Yes,Open,Yes,qwen3-0.6b,,,35%,24%,6%,12%,3%,,,,$0.40,$0.11,$1.26,229.5,225.6,229.0,230.5,232.5,1.14,9.86,0.87,0.99,1.34,1.57,12.04,8.71,ModelProviders
,Qwen3 14B (Reasoning) Base,33k,Yes,Yes,Open,Yes,Qwen/Qwen3-14B,,,77%,60%,4%,52%,32%,,,,$0.12,$0.08,$0.24,70.4,46.7,59.2,83.5,86.3,0.51,28.91,0.47,0.49,0.54,0.68,36.01,28.39,ModelProviders
,Qwen3 14B (Reasoning) (FP8),33k,Yes,Yes,Open,Yes,Qwen/Qwen3-14B,,,77%,60%,4%,52%,32%,,,,$0.12,$0.08,$0.24,52.9,31.2,36.9,63.4,68.7,0.22,38.01,0.15,0.20,0.25,14.49,47.46,37.79,ModelProviders
,Qwen3 14B (Reasoning),131k,Yes,Yes,Open,Yes,qwen3-14b,,,77%,60%,4%,52%,32%,,,,$1.31,$0.35,$4.20,58.7,49.2,56.6,59.7,60.7,1.25,35.34,1.03,1.16,1.54,2.30,43.87,34.10,ModelProviders
,Qwen3 4B (Reasoning) Fast,33k,Yes,Yes,Open,Yes,Qwen/Qwen3-4B-fast,,,70%,52%,5%,47%,4%,,,,$0.12,$0.08,$0.24,155.7,129.3,153.4,157.7,158.3,0.47,13.32,0.45,0.45,0.52,0.97,16.53,12.84,ModelProviders
,Qwen3 4B (Reasoning) (FP8),128k,No,No,Open,Yes,qwen/qwen3-4b-fp8,,,70%,52%,5%,47%,4%,,,,$0.00,$0.00,$0.00,93.2,77.1,85.6,93.7,96.4,0.72,22.19,0.67,0.69,0.80,0.82,27.55,21.46,ModelProviders
,Qwen3 4B (Reasoning),131k,Yes,Yes,Open,Yes,qwen3-4b,,,70%,52%,5%,47%,4%,,,,$0.40,$0.11,$1.26,104.8,99.3,103.7,105.0,105.5,1.23,20.30,1.00,1.09,1.46,1.60,25.07,19.08,ModelProviders
,Qwen3 8B (Reasoning) (FP8),128k,No,No,Open,Yes,qwen/qwen3-8b-fp8,,,74%,59%,4%,41%,23%,,,,$0.06,$0.04,$0.14,52.9,41.3,50.3,63.5,63.8,0.75,38.57,0.69,0.71,0.80,0.98,48.02,37.81,ModelProviders
,Qwen3 8B (Reasoning),131k,Yes,Yes,Open,Yes,qwen3-8b,,,74%,59%,4%,41%,23%,,,,$0.66,$0.18,$2.10,98.6,95.3,97.9,99.0,99.6,1.19,21.47,0.92,1.02,1.47,1.82,26.54,20.28,ModelProviders
,Qwen2.5 Instruct 32B Fast,128k,Yes,Yes,Open,Yes,Qwen/Qwen2.5-32B-Instruct-fast,,,70%,47%,4%,25%,23%,,,,$0.20,$0.13,$0.40,86.8,72.3,85.8,87.3,88.2,0.50,0.50,0.49,0.50,0.53,0.87,6.26,N/A,ModelProviders
,Qwen2.5 Instruct 32B Base,128k,Yes,Yes,Open,Yes,Qwen/Qwen2.5-32B-Instruct,,,70%,47%,4%,25%,23%,,,,$0.10,$0.06,$0.20,59.0,47.8,57.6,61.4,61.8,0.55,0.55,0.52,0.53,0.57,1.89,9.03,N/A,ModelProviders
,Qwen3 1.7B (Reasoning),33k,Yes,Yes,Open,Yes,qwen3-1.7b,,,57%,36%,5%,31%,4%,,,,$0.40,$0.11,$1.26,137.9,134.6,137.1,138.6,139.6,1.04,15.54,0.92,0.97,1.44,1.85,19.17,14.50,ModelProviders
,Qwen1.5 Chat 110B,32k,Yes,Yes,Open,Yes,qwen1.5-110b-chat,,,,29%,,,,,,,$0.00,$0.00,$0.00,23.6,23.5,23.6,23.7,23.9,1.74,1.74,1.55,1.67,1.94,2.23,22.91,N/A,ModelProviders
,Qwen3 0.6B,33k,Yes,Yes,Open,Yes,qwen3-0.6b,,,23%,23%,5%,7%,4%,,,,$0.19,$0.11,$0.42,231.6,226.4,227.8,232.8,234.7,1.15,1.15,0.89,0.97,1.30,1.65,3.31,N/A,ModelProviders
,Qwen3 14B,131k,Yes,Yes,Open,Yes,qwen3-14b,,,68%,47%,4%,28%,27%,,,,$0.61,$0.35,$1.40,59.1,52.6,56.5,60.0,61.4,1.15,1.15,0.98,1.08,1.26,1.65,9.60,N/A,ModelProviders
,Qwen3 1.7B,33k,Yes,Yes,Open,Yes,qwen3-1.7b,,,41%,28%,5%,13%,7%,,,,$0.19,$0.11,$0.42,140.3,139.6,139.9,140.9,141.8,1.17,1.17,0.93,0.95,1.46,1.61,4.73,N/A,ModelProviders
,Qwen3 8B,131k,Yes,Yes,Open,Yes,qwen3-8b,,,64%,45%,3%,20%,17%,,,,$0.31,$0.18,$0.70,99.7,96.7,99.3,100.2,100.6,1.14,1.14,0.93,1.05,1.38,1.85,6.16,N/A,ModelProviders
,Qwen3 4B,131k,Yes,Yes,Open,Yes,qwen3-4b,,,59%,40%,4%,23%,17%,,,,$0.19,$0.11,$0.42,106.7,102.3,105.9,106.9,107.6,1.13,1.13,0.97,1.09,1.27,1.58,5.82,N/A,ModelProviders
